# our explicit MacCormack block-in-channel run (scripts/ch10_block.py): Re = 20, Ma = 0.06, sigma = 0.8, dx = dy = 1/8, H = 4, 8 ahead, 20 behind, FB/BF-BF/FB cycling, kick = 0
# t in units of D/U; C_D, C_L per unit span normalised by rho U^2 D / 2 (confined configuration: qualitative only)
t,CD,CL
0.0509117,35.968,-0.552417
0.152735,5.01117,-0.199033
0.254558,11.0343,-0.199661
0.356382,4.19077,-0.0819297
0.458205,5.34534,-0.0639863
0.560029,4.58805,-0.21948
0.661852,3.70374,-0.142254
0.763675,5.37352,-0.235382
0.865499,3.72787,-0.133468
0.967322,10.6238,-0.0679504
1.06915,4.62137,-0.276001
1.17097,-2.87606,-0.117956
1.27279,5.40943,-0.258838
1.37462,5.34792,-0.0754188
1.47644,2.68203,-0.0398418
1.57826,6.07994,-0.194688
1.68009,2.89796,-0.118806
1.78191,5.86269,-0.199235
1.88373,3.31296,-0.121616
1.98556,7.76681,-0.0860265
2.08738,1.54715,-0.120719
2.1892,4.99389,-0.126401
2.29103,2.22624,-0.15455
2.39285,4.22683,-0.103422
2.49467,-2.96126,0.00224053
2.5965,9.19049,-0.0966207
2.69832,3.80134,-0.112448
2.80014,4.09146,-0.138476
2.90197,5.06767,-0.0824707
3.00379,2.36923,-0.0334742
3.10561,5.96228,-0.061091
3.20744,3.83416,-0.0947806
3.30926,4.41623,-0.106645
3.41108,5.85329,-0.0935632
3.51291,13.4417,-0.0734426
3.61473,2.666,-0.100686
3.71655,1.62284,-0.0846603
3.81838,4.29016,-0.11063
3.9202,3.89039,-0.0658561
4.02202,3.56016,-0.00308702
4.12385,5.11698,-0.0824557
4.22567,3.02524,-0.0954044
4.32749,5.50788,-0.118542
4.42932,4.57123,-0.030331
4.53114,2.85319,-0.0424556
4.63296,-0.558823,-0.037022
4.73479,6.69235,-0.0810085
4.83661,4.76492,-0.095359
4.93843,5.1028,-0.0763125
5.04026,3.87912,-0.0395679
5.14208,3.84316,-0.0568919
5.2439,4.94407,-0.098318
5.34573,4.03594,-0.0937876
5.44755,4.09204,-0.0665386
5.54937,2.71958,-0.0520094
5.6512,5.07534,-0.0619695
5.75302,5.81249,-0.105712
5.85484,3.32749,-0.0952835
5.95667,5.26952,-0.0903485
6.05849,6.97579,-0.084556
6.16031,4.83618,-0.0860096
6.26214,3.01615,-0.107728
6.36396,4.75071,-0.105428
6.46578,3.42907,-0.091505
6.56761,4.61553,-0.0558456
6.66943,4.78059,-0.0980252
6.77125,4.45569,-0.110612
6.87308,4.11176,-0.10697
6.9749,2.92587,-0.0788158
7.07672,0.8682,-0.0445529
7.17855,1.91294,-0.0534964
7.28037,6.48198,-0.105333
7.38219,3.83481,-0.0887532
7.48402,4.74865,-0.0817804
7.58584,4.76114,-0.0760427
7.68766,3.8407,-0.0770201
7.78949,4.69837,-0.0853504
7.89131,3.46774,-0.0901182
7.99314,4.02502,-0.0765527
8.09496,4.75377,-0.0754418
8.19678,6.66284,-0.0851062
8.29861,4.67565,-0.110093
8.40043,2.93781,-0.0794424
8.50225,4.18621,-0.0844917
8.60408,4.06417,-0.0765247
8.7059,5.1418,-0.0708828
8.80772,3.61637,-0.0902518
8.90955,4.34605,-0.0876557
9.01137,4.52684,-0.0908618
9.11319,5.25387,-0.0776918
9.21502,4.44202,-0.0752776
9.31684,2.97215,-0.0841652
9.41866,4.5558,-0.0916018
9.52049,4.10302,-0.0837699
9.62231,2.79984,-0.0592588
9.72413,3.23628,-0.0630179
9.82596,4.53692,-0.0811864
9.92778,4.47557,-0.0892986
10.0296,4.35078,-0.0854533
10.1314,4.66339,-0.0679727
10.2332,3.28759,-0.0687921
10.3351,4.26892,-0.0822439
10.4369,4.53436,-0.0922271
10.5387,4.88456,-0.0828486
10.6405,5.96357,-0.0820293
10.7424,5.8117,-0.096032
10.8442,4.20458,-0.101193
10.946,4.20779,-0.0948186
11.0478,4.23381,-0.085563
11.1497,3.8033,-0.0776809
11.2515,4.34044,-0.0827365
11.3533,4.43395,-0.0966346
11.4551,4.60728,-0.0948834
11.557,4.67867,-0.0888631
11.6588,4.16931,-0.0815124
11.7606,3.11337,-0.0808766
11.8624,3.50568,-0.0818366
11.9642,4.84591,-0.0856972
12.0661,4.67704,-0.0870361
12.1679,4.10796,-0.0820887
12.2697,4.03218,-0.0829206
12.3715,4.29673,-0.0837695
12.4734,4.56277,-0.0855792
12.5752,3.83093,-0.0847655
12.677,3.79206,-0.0774933
12.7788,3.83049,-0.0751438
12.8807,4.95788,-0.0803263
12.9825,4.45039,-0.0909089
13.0843,4.13035,-0.0846424
13.1861,5.0991,-0.0830411
13.288,5.04679,-0.0853639
13.3898,4.4855,-0.0882347
13.4916,4.15409,-0.090651
13.5934,4.17724,-0.0843116
13.6952,4.04677,-0.078117
13.7971,4.86454,-0.0819969
13.8989,4.50839,-0.0890683
14.0007,4.03987,-0.0888745
14.1025,3.87037,-0.0817558
14.2044,3.6372,-0.0755273
14.3062,3.2484,-0.067053
14.408,3.8395,-0.0773312
14.5098,4.10834,-0.0823571
14.6117,4.31176,-0.0766327
14.7135,4.55485,-0.0772454
14.8153,4.39218,-0.0794486
14.9171,3.95298,-0.0805505
15.0189,4.08422,-0.0794936
15.1208,3.90305,-0.0761339
15.2226,4.31467,-0.076912
15.3244,4.69533,-0.0804161
15.4262,4.86304,-0.086747
15.5281,4.12715,-0.0850549
15.6299,3.97346,-0.0809569
15.7317,4.41335,-0.0799552
15.8335,4.36308,-0.0808908
15.9354,4.29681,-0.0841374
16.0372,4.1201,-0.0844893
16.139,4.54618,-0.0846927
16.2408,4.64087,-0.0847477
16.3427,4.5917,-0.0851406
16.4445,4.08319,-0.0857218
16.5463,4.02123,-0.0853067
16.6481,4.37529,-0.0850643
16.7499,3.90581,-0.0803636
16.8518,3.72891,-0.0773746
16.9536,3.99331,-0.0816659
17.0554,4.23206,-0.0833075
17.1572,4.39577,-0.0834095
17.2591,4.34374,-0.0816716
17.3609,4.01458,-0.0806612
17.4627,3.95274,-0.0812887
17.5645,4.44392,-0.0831986
17.6664,4.49006,-0.0835568
17.7682,4.53478,-0.0836482
17.87,4.83568,-0.0876867
17.9718,4.77131,-0.0898122
18.0736,4.56397,-0.0891785
18.1755,4.29559,-0.0871462
18.2773,4.0921,-0.0839814
18.3791,4.18185,-0.0840647
18.4809,4.47859,-0.0861965
18.5828,4.52781,-0.0878501
18.6846,4.46215,-0.0877313
18.7864,4.36228,-0.0862804
18.8882,4.13582,-0.0850971
18.9901,3.9991,-0.081945
19.0919,4.23892,-0.0831902
19.1937,4.40353,-0.0857399
19.2955,4.232,-0.0845023
19.3974,4.21408,-0.0815945
19.4992,4.31667,-0.0825361
19.601,4.30606,-0.0850887
19.7028,4.11918,-0.0836192
19.8046,4.0232,-0.080131
19.9065,4.04455,-0.0785493
20.0083,4.2696,-0.0809146
20.1101,4.41473,-0.0838888
20.2119,4.26177,-0.0827258
20.3138,4.41395,-0.0820363
20.4156,4.60577,-0.083152
20.5174,4.53814,-0.0849755
20.6192,4.35037,-0.0856269
20.7211,4.23466,-0.0841657
20.8229,4.22198,-0.0813483
20.9247,4.42784,-0.0820324
21.0265,4.49315,-0.0857636
21.1284,4.24022,-0.0857555
21.2302,4.14618,-0.0827692
21.332,4.17698,-0.0807891
21.4338,3.99409,-0.0804502
21.5356,3.89059,-0.0801516
21.6375,3.97681,-0.0796493
21.7393,4.20697,-0.0793231
21.8411,4.36581,-0.0805235
21.9429,4.34832,-0.082307
22.0448,4.1379,-0.081566
22.1466,4.06796,-0.0796472
22.2484,4.14049,-0.0795288
22.3502,4.18349,-0.0799586
22.4521,4.27157,-0.0808762
22.5539,4.35074,-0.0818267
22.6557,4.33353,-0.0821677
22.7575,4.24336,-0.0818892
22.8593,4.29455,-0.082282
22.9612,4.28788,-0.0822705
23.063,4.21819,-0.0815088
23.1648,4.27542,-0.0821578
23.2666,4.38179,-0.0838746
23.3685,4.43405,-0.0843904
23.4703,4.42947,-0.0840011
23.5721,4.33948,-0.0836647
23.6739,4.24566,-0.0845291
23.7758,4.25364,-0.0846267
23.8776,4.23552,-0.0831572
23.9794,4.07538,-0.081461
24.0812,4.09511,-0.081671
24.1831,4.1841,-0.0831029
24.2849,4.27875,-0.0832341
24.3867,4.29586,-0.0826473
24.4885,4.19243,-0.082007
24.5903,4.14437,-0.0821492
24.6922,4.2438,-0.0830858
24.794,4.33571,-0.0829907
24.8958,4.3104,-0.0824526
24.9976,4.40272,-0.0835271
25.0995,4.53531,-0.0858487
25.2013,4.50849,-0.0864816
25.3031,4.37591,-0.0850939
25.4049,4.23463,-0.0841258
25.5068,4.24051,-0.0840103
25.6086,4.35472,-0.0847609
25.7104,4.42033,-0.085372
25.8122,4.38827,-0.0853715
25.914,4.34531,-0.0852657
26.0159,4.34525,-0.085053
26.1177,4.28897,-0.0848419
26.2195,4.2572,-0.08435
26.3213,4.26053,-0.0839726
26.4232,4.26431,-0.0838741
26.525,4.28962,-0.083793
26.6268,4.32736,-0.0842482
26.7286,4.27876,-0.083898
26.8305,4.19876,-0.0831009
26.9323,4.17623,-0.0825717
27.0341,4.18235,-0.082218
27.1359,4.196,-0.0820428
27.2378,4.25544,-0.0820532
27.3396,4.27206,-0.082548
27.4414,4.29485,-0.0825599
27.5432,4.37544,-0.0829209
27.645,4.39461,-0.0834714
27.7469,4.34415,-0.0834768
27.8487,4.28687,-0.0832407
27.9505,4.27763,-0.0827638
28.0523,4.313,-0.0829059
28.1542,4.35202,-0.0834419
28.256,4.3133,-0.083411
28.3578,4.26222,-0.0831508
28.4596,4.2651,-0.0829832
28.5615,4.21661,-0.0826215
28.6633,4.12109,-0.0814571
28.7651,4.10433,-0.0809346
28.8669,4.18161,-0.0813435
28.9688,4.2745,-0.08181
29.0706,4.28248,-0.0819962
29.1724,4.22974,-0.0816989
29.2742,4.17599,-0.0813762
29.376,4.19131,-0.0813514
29.4779,4.20782,-0.0813095
29.5797,4.19874,-0.081087
29.6815,4.21664,-0.0809864
29.7833,4.26139,-0.0816391
29.8852,4.29085,-0.0822811
29.987,4.27873,-0.0822507
