# our weakly compressible MacCormack cavity (scripts/ch10_cavity.py): Re = 100, Ma = 0.08, 64x64 cells, wall density from continuity (10.139)-(10.146), dt = 0.0005621, t = 30.000
# max deviation from Ghia 1982 = 0.01376; relative mass drift -5.636e-03
y,u
0,0
0.015625,-0.0110974
0.03125,-0.0214834
0.046875,-0.0312508
0.0625,-0.0405029
0.078125,-0.049325
0.09375,-0.0577935
0.109375,-0.065975
0.125,-0.0739273
0.140625,-0.0816995
0.15625,-0.0893327
0.171875,-0.0968594
0.1875,-0.104304
0.203125,-0.111682
0.21875,-0.119
0.234375,-0.126255
0.25,-0.133437
0.265625,-0.140522
0.28125,-0.147478
0.296875,-0.154265
0.3125,-0.160829
0.328125,-0.167109
0.34375,-0.173033
0.359375,-0.178522
0.375,-0.18349
0.390625,-0.187842
0.40625,-0.191482
0.421875,-0.194311
0.4375,-0.19623
0.453125,-0.197144
0.46875,-0.196961
0.484375,-0.195599
0.5,-0.192986
0.515625,-0.189061
0.53125,-0.183781
0.546875,-0.177116
0.5625,-0.169054
0.578125,-0.159599
0.59375,-0.14877
0.609375,-0.136602
0.625,-0.123138
0.640625,-0.10843
0.65625,-0.092529
0.671875,-0.0754827
0.6875,-0.0573247
0.703125,-0.0380661
0.71875,-0.017684
0.734375,0.00389217
0.75,0.0267954
0.765625,0.0512383
0.78125,0.0775315
0.796875,0.106102
0.8125,0.137508
0.828125,0.172452
0.84375,0.211775
0.859375,0.256444
0.875,0.307506
0.890625,0.366008
0.90625,0.432882
0.921875,0.508777
0.9375,0.593859
0.953125,0.687562
0.96875,0.788411
0.984375,0.893697
1,1
