# our MAC projection cavity (scripts/ch10_cavity.py): Re = 100, 128x128 cells, dt = 0.001221, t = 22.072, steady = True
# primary vortex centre x = 0.61528, y = 0.73769, psi_min = -0.103392; max deviation from Ghia 1982 = 0.00462
y,u
0,0
0.00390625,-0.00296486
0.0117188,-0.00868666
0.0195312,-0.0142177
0.0273438,-0.0195739
0.0351562,-0.0247705
0.0429688,-0.0298216
0.0507812,-0.0347404
0.0585938,-0.0395393
0.0664062,-0.0442301
0.0742188,-0.0488238
0.0820312,-0.0533305
0.0898438,-0.0577599
0.0976562,-0.0621209
0.105469,-0.0664219
0.113281,-0.0706707
0.121094,-0.0748745
0.128906,-0.0790397
0.136719,-0.0831725
0.144531,-0.0872783
0.152344,-0.0913621
0.160156,-0.095428
0.167969,-0.0994798
0.175781,-0.103521
0.183594,-0.107553
0.191406,-0.111579
0.199219,-0.1156
0.207031,-0.119616
0.214844,-0.123628
0.222656,-0.127635
0.230469,-0.131635
0.238281,-0.135627
0.246094,-0.139607
0.253906,-0.143572
0.261719,-0.147519
0.269531,-0.151441
0.277344,-0.155334
0.285156,-0.15919
0.292969,-0.163003
0.300781,-0.166765
0.308594,-0.170467
0.316406,-0.174099
0.324219,-0.177651
0.332031,-0.181113
0.339844,-0.184474
0.347656,-0.18772
0.355469,-0.19084
0.363281,-0.193821
0.371094,-0.196649
0.378906,-0.19931
0.386719,-0.20179
0.394531,-0.204075
0.402344,-0.206151
0.410156,-0.208002
0.417969,-0.209615
0.425781,-0.210974
0.433594,-0.212067
0.441406,-0.212879
0.449219,-0.213397
0.457031,-0.213608
0.464844,-0.213501
0.472656,-0.213064
0.480469,-0.212286
0.488281,-0.211159
0.496094,-0.209675
0.503906,-0.207825
0.511719,-0.205603
0.519531,-0.203005
0.527344,-0.200028
0.535156,-0.196668
0.542969,-0.192925
0.550781,-0.188799
0.558594,-0.184292
0.566406,-0.179406
0.574219,-0.174145
0.582031,-0.168515
0.589844,-0.162522
0.597656,-0.156172
0.605469,-0.149474
0.613281,-0.142437
0.621094,-0.135069
0.628906,-0.12738
0.636719,-0.119381
0.644531,-0.11108
0.652344,-0.102487
0.660156,-0.0936111
0.667969,-0.0844608
0.675781,-0.0750433
0.683594,-0.0653644
0.691406,-0.0554284
0.699219,-0.0452375
0.707031,-0.0347914
0.714844,-0.0240872
0.722656,-0.0131185
0.730469,-0.00187514
0.738281,0.00965737
0.746094,0.0214984
0.753906,0.0336726
0.761719,0.0462111
0.769531,0.0591513
0.777344,0.0725383
0.785156,0.0864251
0.792969,0.100873
0.800781,0.115953
0.808594,0.131745
0.816406,0.14834
0.824219,0.165836
0.832031,0.184344
0.839844,0.203983
0.847656,0.224878
0.855469,0.247165
0.863281,0.270982
0.871094,0.296469
0.878906,0.323765
0.886719,0.353005
0.894531,0.384312
0.902344,0.417791
0.910156,0.453528
0.917969,0.491575
0.925781,0.531947
0.933594,0.574614
0.941406,0.619489
0.949219,0.666426
0.957031,0.715211
0.964844,0.765557
0.972656,0.817103
0.980469,0.869416
0.988281,0.921997
0.996094,0.974292
1,1
