# our mixed P2-P1 FE cylinder in a channel, Re = 100 (scripts/ch10_cylinder_fem.py --unsteady): W = 5d, x in [-8d, 16d], sliding walls, V = 1544, T = 2892 triangles, dt = 0.125 d/U, alpha_t = 2, beta_t = 1, started from the steady state with a smooth rotation pulse (0 < t < 2)
# t in d/U; C_D, C_L per unit span / (rho U^2 d/2); C_M = torque / (rho U^2 d^2/2); confined: qualitative only
t,CD,CL,CM
0.125,1.66318,-0.00175578,-0.026191
0.25,1.6632,-0.00966959,-0.0750315
0.375,1.66334,-0.0271029,-0.128738
0.5,1.66384,-0.0550804,-0.177817
0.625,1.66512,-0.0932063,-0.212594
0.75,1.66759,-0.139994,-0.22702
0.875,1.67148,-0.193203,-0.217858
1,1.67666,-0.250155,-0.185967
1.125,1.68258,-0.308109,-0.135563
1.25,1.68841,-0.364565,-0.0739044
1.375,1.69334,-0.417545,-0.00994283
1.5,1.69683,-0.465728,0.0468862
1.625,1.69871,-0.508534,0.0882274
1.75,1.69919,-0.546103,0.108009
1.875,1.69863,-0.579245,0.103437
2,1.69729,-0.60927,0.0753743
2.125,1.69524,-0.635984,0.054434
2.25,1.69266,-0.656455,0.0443585
2.375,1.68991,-0.668402,0.0364295
2.5,1.68742,-0.671292,0.0306064
2.625,1.68556,-0.665314,0.0256261
2.75,1.68457,-0.651031,0.0215162
2.875,1.68451,-0.629149,0.0178722
3,1.68529,-0.600418,0.0147071
3.125,1.6867,-0.565569,0.011856
3.25,1.68848,-0.525312,0.00932401
3.375,1.69035,-0.480327,0.00703432
3.5,1.69207,-0.43128,0.00498913
3.625,1.69346,-0.378831,0.00314954
3.75,1.69443,-0.323646,0.0015167
3.875,1.69497,-0.266388,6.91965e-05
4,1.69513,-0.207721,-0.00119262
4.125,1.695,-0.148314,-0.00228192
4.25,1.69472,-0.0888489,-0.00319927
4.375,1.69445,-0.0300312,-0.00395396
4.5,1.69434,0.0274058,-0.00454762
4.625,1.69454,0.0827086,-0.00498793
4.75,1.69519,0.135114,-0.00527784
4.875,1.69637,0.183866,-0.00542491
5,1.69813,0.228227,-0.00543392
5.125,1.70045,0.267489,-0.00531345
5.25,1.70327,0.300986,-0.00507065
5.375,1.70651,0.328115,-0.00471601
5.5,1.71002,0.348362,-0.00425948
5.625,1.71365,0.36132,-0.00371385
5.75,1.71722,0.366709,-0.00309179
5.875,1.72057,0.364377,-0.00240823
6,1.72353,0.354306,-0.00167793
6.125,1.72598,0.336617,-0.000917214
6.25,1.72784,0.311571,-0.000141936
6.375,1.72908,0.279577,0.000631245
6.5,1.72975,0.241186,0.0013865
6.625,1.72993,0.197093,0.00210785
6.75,1.72978,0.148135,0.0027805
6.875,1.72947,0.0952867,0.00339004
7,1.72921,0.0396511,0.00392351
7.125,1.72924,-0.0175532,0.00436883
7.25,1.72975,-0.075015,0.0047157
7.375,1.73091,-0.131357,0.00495524
7.5,1.7328,-0.185165,0.00508082
7.625,1.73543,-0.235031,0.00508792
7.75,1.73873,-0.279601,0.00497478
7.875,1.74257,-0.317618,0.00474235
8,1.74674,-0.347969,0.00439476
8.125,1.75098,-0.369726,0.00393907
8.25,1.755,-0.38219,0.0033855
8.375,1.75853,-0.384913,0.00274693
8.5,1.76129,-0.377711,0.00203878
8.625,1.76312,-0.360679,0.00127837
8.75,1.76393,-0.334183,0.000484573
8.875,1.76375,-0.298823,-0.000322881
9,1.76268,-0.255426,-0.00112381
9.125,1.76092,-0.205034,-0.0018982
9.25,1.75873,-0.148888,-0.00262653
9.375,1.75642,-0.0884045,-0.00329031
9.5,1.75432,-0.0251415,-0.00387237
9.625,1.75274,0.0392625,-0.0043573
9.75,1.75194,0.103121,-0.00473177
9.875,1.75206,0.164709,-0.004985
10,1.75315,0.222317,-0.00510909
10.125,1.75514,0.274342,-0.00509942
10.25,1.75787,0.319333,-0.00495498
10.375,1.76111,0.356007,-0.00467851
10.5,1.76456,0.383308,-0.00427655
10.625,1.76788,0.400464,-0.00375933
10.75,1.77073,0.407003,-0.00314044
10.875,1.7728,0.402755,-0.0024364
11,1.77391,0.387848,-0.00166604
11.125,1.77394,0.36268,-0.000849895
11.25,1.77293,0.327894,-9.5369e-06
11.375,1.77098,0.284373,0.000833039
11.5,1.76831,0.23322,0.00165599
11.625,1.76519,0.175724,0.00243812
11.75,1.76197,0.113342,0.00315932
11.875,1.759,0.0476786,0.00380093
12,1.75661,-0.0195791,0.00434613
12.125,1.75509,-0.086707,0.00478026
12.25,1.75462,-0.151941,0.00509124
12.375,1.75526,-0.21351,0.00526989
12.5,1.75695,-0.269736,0.00531039
12.625,1.75953,-0.319094,0.00521054
12.75,1.76277,-0.360227,0.004972
12.875,1.76635,-0.391989,0.00460037
13,1.76991,-0.413502,0.00410509
13.125,1.77308,-0.424188,0.00349915
13.25,1.77553,-0.423771,0.00279869
13.375,1.77701,-0.412287,0.00202241
13.5,1.77737,-0.390058,0.00119093
13.625,1.77661,-0.357651,0.000326121
13.75,1.77481,-0.315871,-0.000549537
13.875,1.77216,-0.265755,-0.00141355
14,1.76893,-0.208546,-0.00224393
14.125,1.76548,-0.145664,-0.00301963
14.25,1.76217,-0.0786941,-0.0037209
14.375,1.75938,-0.00933853,-0.0043297
14.5,1.75742,0.0606496,-0.00483
14.625,1.75655,0.12947,-0.00520816
14.75,1.75687,0.195281,-0.00545332
14.875,1.75837,0.25629,-0.00555786
15,1.7609,0.310844,-0.00551773
15.125,1.76424,0.357463,-0.00533281
15.25,1.76809,0.394853,-0.005007
15.375,1.77208,0.421973,-0.00454827
15.5,1.7758,0.43809,-0.00396845
15.625,1.77887,0.442785,-0.00328283
15.75,1.78098,0.435956,-0.00250967
15.875,1.78194,0.417814,-0.00166949
16,1.78166,0.388843,-0.00078442
16.125,1.7802,0.349772,0.000122521
16.25,1.77773,0.301568,0.00102805
16.375,1.7745,0.245426,0.00190918
16.5,1.77085,0.182732,0.00274371
16.625,1.7672,0.115055,0.00351064
16.75,1.76392,0.0441126,0.00419051
16.875,1.76141,-0.0282988,0.00476574
17,1.75996,-0.100338,0.00522101
17.125,1.75975,-0.17011,0.00554369
17.25,1.76081,-0.235713,0.00572421
17.375,1.76305,-0.295359,0.00575658
17.5,1.76625,-0.34744,0.00563869
17.625,1.77013,-0.390529,0.00537261
17.75,1.77433,-0.423431,0.00496464
17.875,1.77841,-0.445251,0.00442524
18,1.78196,-0.455428,0.00376867
18.125,1.78461,-0.453725,0.00301251
18.25,1.7861,-0.440233,0.00217703
18.375,1.7863,-0.415344,0.00128445
18.5,1.78522,-0.379714,0.000358201
18.625,1.78296,-0.334241,-0.000577747
18.75,1.77978,-0.28006,-0.00149953
18.875,1.77601,-0.218516,-0.0023839
19,1.77204,-0.15114,-0.0032087
19.125,1.76831,-0.0796382,-0.00395318
19.25,1.76522,-0.00582791,-0.0045984
19.375,1.76312,0.068423,-0.00512754
19.5,1.76227,0.141195,-0.00552633
19.625,1.76275,0.210527,-0.00578346
19.75,1.76451,0.274522,-0.00589104
19.875,1.76739,0.331453,-0.00584507
20,1.77111,0.379787,-0.00564571
20.125,1.77532,0.418194,-0.00529746
20.25,1.7796,0.445626,-0.00480918
20.375,1.78351,0.461372,-0.00419378
20.5,1.78663,0.465058,-0.00346786
20.625,1.78865,0.456642,-0.00265103
20.75,1.78938,0.436403,-0.00176524
20.875,1.78875,0.404906,-0.000833979
21,1.78684,0.362965,0.000118437
21.125,1.78386,0.311637,0.00106756
21.25,1.78011,0.252201,0.00198936
21.375,1.77598,0.186134,0.00286076
21.5,1.77191,0.115093,0.00365996
21.625,1.76833,0.0408841,0.00436685
21.75,1.76563,-0.0346133,0.00496332
21.875,1.76412,-0.109476,0.00543364
22,1.76397,-0.181725,0.00576488
22.125,1.76518,-0.249388,0.00594739
22.25,1.76762,-0.310628,0.00597523
22.375,1.77106,-0.363807,0.00584661
22.5,1.77518,-0.407482,0.00556408
22.625,1.77956,-0.440458,0.00513466
22.75,1.78376,-0.461864,0.00456964
22.875,1.78733,-0.471175,0.00388426
23,1.78989,-0.468206,0.00309711
23.125,1.7912,-0.453102,0.00222951
23.25,1.79113,-0.426315,0.00130467
23.375,1.78971,-0.388563,0.000346931
23.5,1.78707,-0.340808,-0.000618913
23.625,1.7835,-0.284246,-0.00156829
23.75,1.77937,-0.220285,-0.00247737
23.875,1.77509,-0.150515,-0.00332349
24,1.77112,-0.0767022,-0.00408549
24.125,1.76789,-0.000720728,-0.00474409
24.25,1.76575,0.0755088,-0.00528225
24.375,1.76493,0.150011,-0.00568552
24.5,1.76553,0.220774,-0.00594255
24.625,1.76746,0.285865,-0.00604554
24.75,1.77053,0.343539,-0.00599067
24.875,1.77444,0.392249,-0.00577847
25,1.77882,0.430666,-0.00541396
25.125,1.78322,0.457756,-0.00490656
25.25,1.78717,0.472835,-0.00426991
25.375,1.79026,0.475566,-0.00352132
25.5,1.79217,0.465947,-0.00268114
25.625,1.79273,0.444299,-0.00177202
25.75,1.79187,0.411232,-0.000818124
25.875,1.7897,0.367606,0.000155659
26,1.78644,0.314522,0.00112438
26.125,1.78243,0.253306,0.00206359
26.25,1.77807,0.185475,0.00294988
26.375,1.77383,0.112733,0.00376116
26.5,1.77013,0.0369267,0.00447711
26.625,1.7674,-0.0400274,0.00507945
26.75,1.76592,-0.116167,0.00555235
26.875,1.76586,-0.189473,0.00588284
27,1.7672,-0.257943,0.00606131
27.125,1.7698,-0.319725,0.006082
27.25,1.7734,-0.373172,0.00594335
27.375,1.77766,-0.416838,0.00564829
27.5,1.78215,-0.449536,0.00520427
27.625,1.7864,-0.470415,0.00462308
27.75,1.78996,-0.478979,0.00392052
27.875,1.79246,-0.475072,0.00311575
28,1.79365,-0.458874,0.00223062
28.125,1.79342,-0.430872,0.00128884
28.25,1.7918,-0.391819,0.000315214
28.375,1.78896,-0.342711,-0.000665095
28.5,1.78519,-0.284783,-0.0016272
28.625,1.78088,-0.219472,-0.00254701
28.75,1.77646,-0.148406,-0.00340166
28.875,1.7724,-0.0733828,-0.00416984
29,1.76913,0.00369514,-0.00483217
29.125,1.767,0.080879,-0.00537153
29.25,1.76626,0.156164,-0.00577347
29.375,1.76696,0.227513,-0.00602669
29.5,1.76901,0.292979,-0.00612349
29.625,1.7722,0.350812,-0.00606029
29.75,1.77623,0.399464,-0.0058379
29.875,1.7807,0.437612,-0.00546167
30,1.78515,0.464237,-0.00494144
30.125,1.78911,0.478677,-0.00429127
30.25,1.79215,0.480623,-0.00352893
30.375,1.79398,0.470099,-0.00267521
30.5,1.7944,0.447458,-0.00175316
30.625,1.7934,0.413338,-0.000787272
30.75,1.79106,0.368627,0.000197248
30.875,1.78764,0.314455,0.00117521
31,1.78348,0.252175,0.00212199
31.125,1.77901,0.183331,0.00301402
31.25,1.77469,0.109653,0.00382913
31.375,1.77096,0.0330125,0.00454693
31.5,1.76824,-0.0446558,0.0051491
31.625,1.76681,-0.121368,0.00561983
31.75,1.76683,-0.195084,0.00594622
31.875,1.76827,-0.263791,0.00611879
32,1.77098,-0.325634,0.00613194
32.125,1.77467,-0.378965,0.00598436
32.25,1.77901,-0.422346,0.00567927
32.375,1.78355,-0.454601,0.00522446
32.5,1.78781,-0.474899,0.00463209
32.625,1.79134,-0.482767,0.00391832
32.75,1.79377,-0.478074,0.00310266
32.875,1.79486,-0.461025,0.0022073
33,1.79451,-0.43213,0.00125622
33.125,1.79276,-0.392168,0.000274459
33.25,1.78979,-0.342159,-0.000712627
33.375,1.7859,-0.283359,-0.00168002
33.5,1.78149,-0.217227,-0.00260353
33.625,1.777,-0.145413,-0.00346023
33.75,1.77292,-0.0697338,-0.0042288
33.875,1.76966,0.00789275,-0.00488985
34,1.76758,0.0855033,-0.0054263
34.125,1.7669,0.161077,-0.00582376
34.25,1.76769,0.232566,-0.00607106
34.375,1.76983,0.298022,-0.00616067
34.5,1.77311,0.355697,-0.00608922
34.625,1.77721,0.40405,-0.00585776
34.75,1.78172,0.441766,-0.00547196
34.875,1.78619,0.467845,-0.00494196
35,1.79013,0.481646,-0.00428214
35.125,1.79312,0.48288,-0.00351057
35.25,1.79486,0.471595,-0.00264831
35.375,1.79519,0.448164,-0.00171865
35.5,1.79407,0.413248,-0.000746293
35.625,1.79162,0.367755,0.000243428
35.75,1.7881,0.312833,0.00122521
35.875,1.78386,0.249855,0.00217438
36,1.77933,0.180382,0.00306731
36.125,1.77499,0.10616,0.00388185
36.25,1.77127,0.0290752,0.00459761
36.375,1.76858,-0.0489275,0.00519635
36.5,1.76722,-0.125853,0.00566233
36.625,1.76732,-0.199651,0.00598275
36.75,1.76884,-0.268305,0.0061483
36.875,1.77162,-0.329964,0.00615356
37,1.77539,-0.38299,0.00599748
37.125,1.77977,-0.425949,0.00568353
37.25,1.78433,-0.457682,0.00521977
37.375,1.78858,-0.477376,0.00461866
37.5,1.79207,-0.484578,0.00389661
37.625,1.79444,-0.47918,0.00307342
37.75,1.79544,-0.461404,0.00217144
37.875,1.795,-0.431783,0.00121485
38,1.79314,-0.391111,0.000228806
38.125,1.79008,-0.340426,-0.000761248
38.25,1.78612,-0.281001,-0.00173025
38.375,1.78165,-0.214311,-0.00265399
38.5,1.77715,-0.142019,-0.00350956
38.625,1.77306,-0.0659557,-0.00427567
38.75,1.76983,0.0119522,-0.00493298
38.875,1.76781,0.0897333,-0.0054645
39,1.76721,0.165358,-0.00585597
39.125,1.76807,0.236774,-0.00609635
39.25,1.77029,0.302036,-0.00617829
39.375,1.77364,0.359406,-0.00609865
39.5,1.77779,0.407347,-0.00585872
39.625,1.78233,0.44456,-0.00546442
39.75,1.78679,0.47006,-0.00492617
39.875,1.7907,0.483226,-0.0042586
40,1.79364,0.483789,-0.00348
40.125,1.7953,0.471816,-0.00261163
40.25,1.79554,0.447699,-0.00167696
40.375,1.79434,0.412114,-0.000700778
40.5,1.79181,0.365986,0.000291483
40.625,1.78821,0.31048,0.00127449
40.75,1.78392,0.246981,0.00222356
40.875,1.77937,0.177064,0.00311509
41,1.77502,0.102488,0.00392697
41.125,1.77133,0.0251468,0.00463887
41.25,1.76869,-0.0530081,0.00523264
41.375,1.7674,-0.129974,0.00569264
41.5,1.76757,-0.203696,0.00600623
41.625,1.76917,-0.27216,0.00616425
41.75,1.77202,-0.333521,0.00616151
41.875,1.77584,-0.38615,0.00599716
42,1.78026,-0.428623,0.00567494
42.125,1.78482,-0.459798,0.00520315
42.25,1.78905,-0.478879,0.00459449
42.375,1.7925,-0.485432,0.00386563
42.5,1.79479,-0.479368,0.00303651
42.625,1.79572,-0.460929,0.00212968
42.75,1.79519,-0.430661,0.00116941
42.875,1.79326,-0.389376,0.000180957
43,1.79012,-0.338125,-0.000810223
43.125,1.7861,-0.278195,-0.00177905
43.25,1.78161,-0.211073,-0.00270135
43.375,1.7771,-0.138434,-0.00355425
43.5,1.77303,-0.0621192,-0.00431652
43.625,1.76985,0.0159405,-0.00496893
43.75,1.76789,0.0937679,-0.00549456
43.875,1.76736,0.169328,-0.00587931
44,1.7683,0.240567,-0.00611229
44.125,1.77059,0.305547,-0.00618635
44.25,1.77399,0.362539,-0.00609856
44.375,1.77818,0.410015,-0.00585046
44.5,1.78274,0.446689,-0.00544819
44.625,1.78719,0.471594,-0.00490244
44.75,1.79106,0.484129,-0.00422804
44.875,1.79394,0.48404,-0.00344349
45,1.79553,0.471415,-0.00257022
45.125,1.7957,0.446662,-0.00163179
45.25,1.79441,0.410471,-0.000653094
45.375,1.79181,0.363782,0.000340405
45.5,1.78816,0.307772,0.00132337
45.625,1.78383,0.243839,0.00227112
45.75,1.77926,0.173568,0.00316013
45.875,1.77493,0.0987307,0.00396832
46,1.77127,0.0212246,0.00467548
46.125,1.76869,-0.0569933,0.00526352
46.25,1.76747,-0.133916,0.00571696
46.375,1.76772,-0.207485,0.00602329
46.5,1.76939,-0.27569,0.00617355
46.625,1.7723,-0.336697,0.00616274
46.75,1.77617,-0.388885,0.00599025
46.875,1.7806,-0.430841,0.00566005
47,1.78517,-0.461439,0.00518069
47.125,1.78938,-0.479903,0.00456509
47.25,1.79277,-0.485816,0.00383011
47.375,1.795,-0.479107,0.00299588
47.5,1.79585,-0.460034,0.00208507
47.625,1.79524,-0.42916,0.00112204
47.75,1.79324,-0.387308,0.000132081
47.875,1.79004,-0.335546,-0.00085932
48,1.78598,-0.27517,-0.00182711
48.125,1.78147,-0.207679,-0.00274714
48.25,1.77696,-0.134758,-0.00359662
48.375,1.77292,-0.058256,-0.00435438
48.5,1.76979,0.0198916,-0.0050013
48.625,1.7679,0.097704,-0.00552058
48.75,1.76744,0.173142,-0.00589825
48.875,1.76846,0.244153,-0.00612359
49,1.77081,0.308808,-0.00618967
49.125,1.77426,0.365385,-0.00609376
49.25,1.77848,0.41237,-0.00583763
49.375,1.78305,0.448488,-0.00542768
49.5,1.78749,0.472791,-0.0048748
49.625,1.79132,0.484695,-0.00419404
49.75,1.79414,0.483965,-0.00340409
49.875,1.79566,0.470706,-0.0025265
50,1.79575,0.445341,-0.00158495
50.125,1.79439,0.408576,-0.000604395
50.25,1.79172,0.361361,0.000389694
50.375,1.78802,0.304888,0.00137198
50.5,1.78366,0.240563,0.00231783
50.625,1.77909,0.169985,0.00320375
50.75,1.77477,0.0949315,0.00400775
50.875,1.77116,0.0173068,0.00470971
51,1.76864,-0.0609295,0.00529166
51.125,1.76749,-0.137766,0.00573824
51.25,1.76782,-0.211143,0.00603711
51.375,1.76956,-0.279056,0.00617949
51.5,1.77253,-0.339681,0.00616059
51.625,1.77643,-0.391404,0.00598003
51.75,1.78089,-0.432828,0.00564201
51.875,1.78545,-0.462841,0.00515531
52,1.78963,-0.480685,0.00453308
52.125,1.79297,-0.485962,0.00379235
52.25,1.79514,-0.478617,0.00295342
52.375,1.79592,-0.458926,0.00203907
52.5,1.79523,-0.427466,0.00107373
52.625,1.79316,-0.385073,8.27396e-05
52.75,1.78991,-0.332825,-0.000908421
52.875,1.78581,-0.272033,-0.00187472
53,1.78128,-0.204205,-0.00279208
53.125,1.77678,-0.131035,-0.00363775
53.25,1.77278,-0.0543795,-0.00439067
53.375,1.7697,0.0238232,-0.0050318
53.5,1.76787,0.101589,-0.00554449
53.625,1.76749,0.176875,-0.0059149
53.75,1.76858,0.247632,-0.0061325
53.875,1.77099,0.311938,-0.00619055
54,1.7745,0.368084,-0.00608653
54.125,1.77875,0.414563,-0.00582247
54.25,1.78332,0.450115,-0.00540497
54.375,1.78774,0.473812,-0.00484516
54.5,1.79153,0.485085,-0.00415829
54.625,1.79429,0.48372,-0.00336322
54.75,1.79574,0.469836,-0.00248164
54.875,1.79576,0.443873,-0.0015373
55,1.79432,0.406548,-0.000555213
55.125,1.79159,0.358827,0.000439127
55.25,1.78785,0.301911,0.00142041
55.375,1.78347,0.237218,0.00236403
55.5,1.77889,0.166356,0.00324657
55.625,1.7746,0.0911103,0.00404613
55.75,1.77103,0.0133912,0.00474266
55.875,1.76857,-0.0648398,0.00531833
56,1.7675,-0.141568,0.0057579
56.125,1.76789,-0.214733,0.0060492
56.25,1.7697,-0.282334,0.00618363
56.375,1.77273,-0.342561,0.00615663
56.5,1.77667,-0.393809,0.00596804
56.625,1.78115,-0.434691,0.00562229
56.75,1.7857,-0.464114,0.00512838
56.875,1.78985,-0.481336,0.00449968
57,1.79314,-0.48598,0.00375341
57.125,1.79524,-0.478004,0.00291
57.25,1.79594,-0.457703,0.00199235
57.375,1.79519,-0.425667,0.00102496
57.5,1.79305,-0.382745,3.31896e-05
57.625,1.78974,-0.330028,-0.000957483
57.75,1.78561,-0.268836,-0.00192206
57.875,1.78107,-0.200687,-0.00283651
58,1.77658,-0.127287,-0.00367816
58.125,1.77262,-0.0504956,-0.00442605
58.25,1.76959,0.0277443,-0.00506124
58.375,1.76783,0.105446,-0.00556721
58.5,1.76753,0.180564,-0.00593027
58.625,1.76868,0.251051,-0.00614006
58.75,1.77116,0.314997,-0.00619005
58.875,1.77471,0.370699,-0.00607795
59,1.77899,0.416664,-0.00580599
59.125,1.78357,0.451646,-0.00538103
59.25,1.78797,0.474733,-0.00481441
59.375,1.79172,0.485377,-0.00412158
59.5,1.79442,0.483379,-0.00332156
59.625,1.7958,0.468875,-0.00243615
59.75,1.79574,0.44232,-0.00148922
59.875,1.79423,0.404446,-0.000505796
60,1.79144,0.356228,0.000488603
60.125,1.78766,0.298881,0.00146869
60.25,1.78325,0.233832,0.00240991
60.375,1.77868,0.162699,0.00328891
60.5,1.77441,0.0872762,0.00408387
60.625,1.77089,0.00947665,0.00477484
60.75,1.7685,-0.0687354,0.00534411
60.875,1.76749,-0.145342,0.00577658
61,1.76796,-0.218281,0.00606026
61.125,1.76984,-0.285561,0.00618672
61.25,1.77292,-0.34538,0.00615162
61.375,1.7769,-0.396145,0.00595502
61.5,1.78139,-0.436481,0.00560158
61.625,1.78594,-0.465309,0.00510055
61.75,1.79005,-0.48191,0.00446548
61.875,1.79329,-0.48592,0.00371379
62,1.79532,-0.477317,0.00286604
62.125,1.79595,-0.456411,0.00194524
62.25,1.79512,-0.423805,0.000975945
62.375,1.79292,-0.380362,-1.64514e-05
62.5,1.78956,-0.327183,-0.00100648
62.625,1.7854,-0.265601,-0.00196919
62.75,1.78085,-0.197143,-0.0028806
62.875,1.77638,-0.123522,-0.00371812
63,1.77245,-0.0466067,-0.00446086
63.125,1.76948,0.0316593,-0.00509002
63.25,1.76779,0.109286,-0.00558919
63.375,1.76756,0.184226,-0.00594484
63.5,1.76878,0.254434,-0.00614678
63.625,1.77132,0.31801,-0.0061887
63.75,1.77492,0.373262,-0.00606852
63.875,1.77922,0.418708,-0.0057887
64,1.7838,0.453115,-0.00535634
64.125,1.78818,0.475591,-0.00478298
64.25,1.79189,0.485605,-0.00408428
64.375,1.79453,0.482975,-0.00327941
64.5,1.79584,0.467854,-0.0023903
64.625,1.7957,0.440713,-0.00144089
64.75,1.79413,0.402294,-0.000456258
64.875,1.79128,0.353586,0.000538076
65,1.78745,0.295815,0.00151684
65.125,1.78303,0.23042,0.00245555
65.25,1.77846,0.159024,0.00333091
65.375,1.77422,0.0834331,0.00412117
65.5,1.77075,0.00556229,0.0048065
65.625,1.76842,-0.0726216,0.0053693
65.75,1.76748,-0.149097,0.00579462
65.875,1.76803,-0.221803,0.00607062
66,1.76997,-0.288754,0.00618909
66.125,1.7731,-0.348159,0.00614588
66.25,1.77712,-0.398435,0.00594129
66.375,1.78162,-0.43822,0.00558022
66.5,1.78616,-0.466452,0.00507211
66.625,1.79024,-0.48243,0.00443076
66.75,1.79343,-0.485807,0.00367372
66.875,1.79539,-0.476579,0.00282173
67,1.79595,-0.45507,0.00189788
67.125,1.79505,-0.421899,0.00092679
67.25,1.79278,-0.377939,-6.61284e-05
67.375,1.78938,-0.324306,-0.00105542
67.5,1.78518,-0.26234,-0.00201616
67.625,1.78062,-0.193579,-0.00292443
67.75,1.77617,-0.119746,-0.00375773
67.875,1.77228,-0.0427139,-0.00449525
68,1.76936,0.0355704,-0.0051183
68.125,1.76774,0.113115,-0.00561062
68.25,1.76759,0.187868,-0.00595881
68.375,1.76888,0.25779,-0.0061529
68.5,1.77148,0.32099,-0.00618673
68.625,1.77512,0.375788,-0.00605848
68.75,1.77945,0.420709,-0.00577083
68.875,1.78404,0.45454,-0.0053311
69,1.78839,0.476403,-0.00475106
69.125,1.79205,0.485787,-0.00404656
69.25,1.79463,0.482526,-0.00323692
69.375,1.79587,0.466791,-0.0023442
69.5,1.79566,0.439065,-0.0013924
69.625,1.79402,0.400105,-0.000406654
69.75,1.79112,0.350913,0.000587523
69.875,1.78725,0.292724,0.00156489
70,1.7828,0.226987,0.002501
70.125,1.77824,0.155336,0.00337262
70.25,1.77403,0.0795831,0.00415812
70.375,1.7706,0.00164785,0.00483774
70.5,1.76834,-0.0765009,0.00539402
70.625,1.76748,-0.152839,0.00581215
70.75,1.76809,-0.225304,0.00608045
70.875,1.7701,-0.29192,0.00619091
71,1.77329,-0.350906,0.0061396
71.125,1.77734,-0.400689,0.00592704
71.25,1.78186,-0.43992,0.00555835
71.375,1.78638,-0.467554,0.00504322
71.5,1.79043,-0.482908,0.00439563
71.625,1.79356,-0.485653,0.00363332
71.75,1.79546,-0.475801,0.00277717
71.875,1.79595,-0.453692,0.00185034
72,1.79497,-0.419958,0.000877541
72.125,1.79264,-0.375486,-0.000115815
72.25,1.78918,-0.321402,-0.00110428
72.375,1.78496,-0.259057,-0.00206297
72.5,1.78039,-0.189999,-0.00296804
72.625,1.77596,-0.11596,-0.00379704
72.75,1.77211,-0.0388178,-0.00452929
72.875,1.76925,0.0394785,-0.00514619
73,1.7677,0.116933,-0.0056316
73.125,1.76762,0.191494,-0.00597232
73.25,1.76899,0.261125,-0.00615851
73.375,1.77165,0.323944,-0.00618426
73.5,1.77533,0.378282,-0.00604794
73.625,1.77968,0.422677,-0.00575248
73.75,1.78426,0.455927,-0.00530542
73.875,1.7886,0.477177,-0.00471876
74,1.79221,0.48593,-0.00400851
74.125,1.79473,0.48204,-0.00319417
74.25,1.7959,0.465691,-0.0022979
74.375,1.79561,0.437384,-0.00134379
74.5,1.7939,0.397887,-0.000357009
74.625,1.79094,0.348213,0.000636935
74.75,1.78704,0.28961,0.00161282
74.875,1.78258,0.223536,0.00254626
75,1.77802,0.151636,0.00341409
75.125,1.77383,0.075727,0.00419476
75.25,1.77046,-0.00226677,0.00486863
75.375,1.76826,-0.0803744,0.00541834
75.5,1.76747,-0.156568,0.00582924
75.625,1.76816,-0.228788,0.00608982
75.75,1.77024,-0.295064,0.00619226
75.875,1.77347,-0.353627,0.00613285
76,1.77756,-0.402913,0.00591233
76.125,1.78209,-0.441586,0.00553606
76.25,1.7866,-0.468621,0.00501394
76.375,1.79061,-0.483349,0.00436016
76.5,1.79369,-0.485462,0.00359265
76.625,1.79552,-0.474987,0.00273239
76.75,1.79593,-0.45228,0.00180266
76.875,1.79489,-0.417987,0.000828224
77,1.79249,-0.373005,-0.000165498
77.125,1.78899,-0.318474,-0.00115307
77.25,1.78474,-0.255756,-0.00210965
77.375,1.78017,-0.186406,-0.00301144
77.5,1.77575,-0.112166,-0.00383609
77.625,1.77194,-0.0349187,-0.00456301
77.75,1.76914,0.0433839,-0.0051737
77.875,1.76766,0.120744,-0.00565218
78,1.76766,0.195106,-0.00598538
78.125,1.76909,0.26444,-0.00616367
78.25,1.77181,0.326874,-0.00618133
78.375,1.77554,0.380749,-0.00603696
78.5,1.77991,0.424613,-0.00573371
78.625,1.78449,0.457282,-0.00527936
78.75,1.7888,0.477916,-0.0046861
78.875,1.79237,0.486039,-0.00397017
79,1.79482,0.481518,-0.00315118
79.125,1.79592,0.464558,-0.00225144
79.25,1.79556,0.435671,-0.00129509
79.375,1.79378,0.39564,-0.000307338
79.5,1.79077,0.345488,0.000686303
79.625,1.78682,0.286476,0.00166065
79.75,1.78235,0.22007,0.00259135
79.875,1.7778,0.147925,0.00345533
80,1.77364,0.0718655,0.00423112
80.125,1.77032,-0.00618149,0.00489918
80.25,1.76819,-0.0842426,0.00544229
80.375,1.76747,-0.160287,0.00584593
80.5,1.76824,-0.232256,0.00609877
80.625,1.77037,-0.298187,0.00619318
80.75,1.77366,-0.356322,0.00612566
80.875,1.77778,-0.405108,0.0058972
81,1.78232,-0.443222,0.00551337
81.125,1.78682,-0.469654,0.00498431
81.25,1.79079,-0.483757,0.00432439
81.375,1.79381,-0.485238,0.00355172
81.5,1.79558,-0.474141,0.00268742
81.625,1.79592,-0.450837,0.00175486
81.75,1.7948,-0.415987,0.00077885
81.875,1.79234,-0.3705,-0.000215169
82,1.78879,-0.315525,-0.00120178
82.125,1.78451,-0.252437,-0.00215618
82.25,1.77994,-0.1828,-0.00305464
82.375,1.77554,-0.108363,-0.00387489
82.5,1.77177,-0.031017,-0.00459642
82.625,1.76903,0.0472867,-0.00520087
82.75,1.76763,0.124546,-0.00567238
82.875,1.76769,0.198705,-0.00599805
83,1.7692,0.267738,-0.00616841
83.125,1.77197,0.329782,-0.00617798
83.25,1.77574,0.383189,-0.00602555
83.375,1.78014,0.42652,-0.00571454
83.5,1.78472,0.458605,-0.00525292
83.625,1.789,0.478622,-0.00465313
83.75,1.79252,0.486114,-0.00393155
83.875,1.79491,0.480965,-0.00310798
84,1.79594,0.463394,-0.00220482
84.125,1.79551,0.43393,-0.0012463
84.25,1.79366,0.393367,-0.000257648
84.375,1.79059,0.342741,0.000735624
84.5,1.78661,0.283323,0.00170836
84.625,1.78212,0.21659,0.00263627
84.75,1.77758,0.144204,0.00349634
84.875,1.77346,0.0679989,0.0042672
85,1.77018,-0.0100962,0.00492941
85.125,1.76812,-0.0881054,0.00546587
85.25,1.76748,-0.163995,0.00586222
85.375,1.76831,-0.235708,0.0061073
85.5,1.77051,-0.30129,0.00619367
85.625,1.77385,-0.358993,0.00611805
85.75,1.778,-0.407275,0.00588166
85.875,1.78255,-0.444827,0.0054903
86,1.78703,-0.470656,0.00495433
86.125,1.79097,-0.484133,0.00428833
86.25,1.79393,-0.484981,0.00351055
86.375,1.79563,-0.473263,0.00264227
86.5,1.79589,-0.449365,0.00170695
86.625,1.79471,-0.41396,0.000729428
86.75,1.79219,-0.367969,-0.000264823
86.875,1.78859,-0.312555,-0.00125041
87,1.78429,-0.249101,-0.00220257
87.125,1.77971,-0.179181,-0.00309764
87.25,1.77533,-0.104554,-0.00391343
87.375,1.77161,-0.0271129,-0.00462953
87.5,1.76893,0.0511868,-0.0052277
87.625,1.7676,0.128341,-0.0056922
87.75,1.76774,0.202291,-0.00601031
87.875,1.76931,0.271017,-0.00617274
88,1.77214,0.332667,-0.00617421
88.125,1.77595,0.385604,-0.00601375
88.25,1.78037,0.428398,-0.00569498
88.375,1.78494,0.459896,-0.00522614
88.5,1.7892,0.479297,-0.00461984
88.625,1.79267,0.486157,-0.00389267
88.75,1.79499,0.480379,-0.00306458
88.875,1.79595,0.4622,-0.00215807
89,1.79545,0.432161,-0.00119743
89.125,1.79354,0.391068,-0.000207944
89.25,1.79041,0.339971,0.000784895
89.375,1.78639,0.280151,0.00175596
89.5,1.78189,0.213094,0.00268102
89.625,1.77736,0.140473,0.00353713
89.75,1.77327,0.0641276,0.004303
89.875,1.77005,-0.0140106,0.00495932
90,1.76805,-0.0919628,0.0054891
90.125,1.76749,-0.167693,0.00587813
90.25,1.76839,-0.239144,0.00611543
90.375,1.77065,-0.304372,0.00619375
90.5,1.77404,-0.36164,0.00611004
90.625,1.77822,-0.409415,0.00586573
90.75,1.78278,-0.446402,0.00546687
90.875,1.78725,-0.471626,0.00492402
91,1.79114,-0.484476,0.00425197
91.125,1.79405,-0.484693,0.00346916
91.25,1.79568,-0.472355,0.00259696
91.375,1.79587,-0.447864,0.00165893
91.5,1.79461,-0.411906,0.000679962
91.625,1.79203,-0.365415,-0.000314456
91.75,1.78839,-0.309565,-0.00129895
91.875,1.78406,-0.245749,-0.00224881
92,1.77948,-0.175551,-0.00314044
92.125,1.77513,-0.100737,-0.00395172
92.25,1.77144,-0.0232067,-0.00466234
92.375,1.76883,0.0550839,-0.00525419
92.5,1.76757,0.132127,-0.00571166
92.625,1.76778,0.205863,-0.00602218
92.75,1.76942,0.274278,-0.00617667
92.875,1.77231,0.33553,-0.00617003
93,1.77616,0.387992,-0.00600154
93.125,1.78059,0.430247,-0.00567504
93.25,1.78517,0.461158,-0.005199
93.375,1.78939,0.479939,-0.00458624
93.5,1.79281,0.486168,-0.00385354
93.625,1.79508,0.479763,-0.00302097
93.75,1.79596,0.460976,-0.00211117
93.875,1.79538,0.430363,-0.00114849
94,1.79341,0.388744,-0.000158232
94.125,1.79023,0.337179,0.000834111
94.25,1.78618,0.276961,0.00180344
94.375,1.78166,0.209585,0.00272559
94.5,1.77714,0.136733,0.00357769
94.625,1.77308,0.0602517,0.00433853
94.75,1.76992,-0.0179245,0.00498891
94.875,1.76799,-0.0958147,0.00551197
95,1.7675,-0.171379,0.00589366
95.125,1.76847,-0.242564,0.00612316
95.25,1.7708,-0.307435,0.00619342
95.375,1.77423,-0.364263,0.00610162
95.5,1.77844,-0.411527,0.00584941
95.625,1.78301,-0.447947,0.00544307
95.75,1.78746,-0.472565,0.00489339
95.875,1.79131,-0.484787,0.00421534
96,1.79416,-0.484372,0.00342753
96.125,1.79572,-0.471415,0.00255147
96.25,1.79584,-0.446334,0.0016108
96.375,1.79451,-0.409826,0.000630457
96.5,1.79187,-0.362838,-0.000364064
96.625,1.78819,-0.306555,-0.00134741
96.75,1.78384,-0.242381,-0.00229491
96.875,1.77926,-0.171909,-0.00318304
97,1.77492,-0.0969139,-0.00398975
97.125,1.77129,-0.0192985,-0.00469486
97.25,1.76873,0.058978,-0.00528034
97.375,1.76754,0.135905,-0.00573074
97.5,1.76783,0.209422,-0.00603366
97.625,1.76954,0.277521,-0.00618018
97.75,1.77248,0.338372,-0.00616544
97.875,1.77637,0.390356,-0.00598893
98,1.78082,0.432068,-0.00565473
98.125,1.78539,0.462388,-0.00517152
98.25,1.78959,0.48055,-0.00455234
98.375,1.79296,0.486147,-0.00381415
98.5,1.79515,0.479115,-0.00297717
98.625,1.79597,0.459722,-0.00206414
98.75,1.79532,0.428538,-0.00109948
98.875,1.79327,0.386395,-0.000108515
99,1.79005,0.334366,0.000883269
99.125,1.78596,0.273753,0.00185081
99.25,1.78143,0.206062,0.00276999
99.375,1.77692,0.132984,0.00361802
99.5,1.7729,0.0563717,0.00437378
99.625,1.76979,-0.0218377,0.00501818
99.75,1.76793,-0.0996606,0.00553449
99.875,1.76751,-0.175055,0.00590881
100,1.76856,-0.245969,0.00613049
100.125,1.77095,-0.310477,0.00619269
100.25,1.77443,-0.366862,0.0060928
100.375,1.77867,-0.413613,0.0058327
100.5,1.78324,-0.449463,0.00541891
100.625,1.78767,-0.473473,0.00486243
100.75,1.79148,-0.485067,0.00417844
100.875,1.79427,-0.484021,0.00338569
101,1.79576,-0.470446,0.00250583
101.125,1.79581,-0.444775,0.00156257
101.25,1.79441,-0.407719,0.000580916
101.375,1.79171,-0.360237,-0.000413645
101.5,1.78798,-0.303525,-0.00139578
101.625,1.78361,-0.238997,-0.00234086
101.75,1.77903,-0.168256,-0.00322543
101.875,1.77472,-0.093084,-0.00402754
102,1.77113,-0.0153887,-0.00472708
102.125,1.76864,0.0628686,-0.00530615
102.25,1.76752,0.139674,-0.00574946
102.375,1.76788,0.212968,-0.00604474
102.5,1.76966,0.280746,-0.0061833
102.625,1.77266,0.341191,-0.00616045
102.75,1.77658,0.392693,-0.00597593
102.875,1.78105,0.43386,-0.00563405
103,1.78561,0.463589,-0.0051437
103.125,1.78978,0.48113,-0.00451814
103.25,1.7931,0.486095,-0.00377452
103.375,1.79523,0.478436,-0.00293319
103.5,1.79597,0.458438,-0.00201699
103.625,1.79525,0.426686,-0.00105041
103.75,1.79314,0.384022,-5.87947e-05
103.875,1.78986,0.331531,0.000932367
104,1.78574,0.270527,0.00189806
104.125,1.7812,0.202526,0.00281421
104.25,1.77671,0.129226,0.00365811
104.375,1.77272,0.0524876,0.00440875
104.5,1.76966,-0.02575,0.00504713
104.625,1.76787,-0.103501,0.00555666
104.75,1.76753,-0.178719,0.00592357
104.875,1.76865,-0.249358,0.00613742
105,1.7711,-0.313499,0.00619155
105.125,1.77463,-0.369437,0.00608358
105.25,1.77889,-0.415671,0.00581561
105.375,1.78347,-0.450949,0.0053944
105.5,1.78788,-0.47435,0.00483116
105.625,1.79165,-0.485315,0.00414126
105.75,1.79438,-0.483638,0.00334363
105.875,1.7958,-0.469446,0.00246002
106,1.79577,-0.443187,0.00151425
106.125,1.7943,-0.405586,0.000531343
106.25,1.79154,-0.357612,-0.000463194
106.375,1.78778,-0.300476,-0.00144405
106.5,1.78338,-0.235598,-0.00238666
106.625,1.77881,-0.164592,-0.00326762
106.75,1.77452,-0.0892477,-0.00406506
106.875,1.77098,-0.0114775,-0.00475899
107,1.76855,0.0667557,-0.00533163
107.125,1.76751,0.143435,-0.00576781
107.25,1.76794,0.2165,-0.00605544
107.375,1.76978,0.283953,-0.006186
107.5,1.77283,0.343987,-0.00615505
107.625,1.7768,0.395005,-0.00596253
107.75,1.78128,0.435624,-0.00561299
107.875,1.78583,0.464758,-0.00511554
108,1.78997,0.481678,-0.00448365
108.125,1.79323,0.486011,-0.00373464
108.25,1.7953,0.477727,-0.00288901
108.375,1.79597,0.457126,-0.0019697
108.5,1.79517,0.424806,-0.00100127
108.625,1.793,0.381623,-9.07606e-06
108.75,1.78967,0.328674,0.000981401
108.875,1.78552,0.267284,0.00194518
109,1.78097,0.198976,0.00285825
109.125,1.77649,0.12546,0.00369798
109.25,1.77254,0.0485998,0.00444344
109.375,1.76954,-0.0296611,0.00507576
109.5,1.76782,-0.107334,0.00557847
109.625,1.76755,-0.182372,0.00593795
109.75,1.76874,-0.25273,0.00614395
109.875,1.77125,-0.3165,0.00619001
110,1.77482,-0.371987,0.00607395
110.125,1.77911,-0.417702,0.00579814
110.25,1.78369,-0.452406,0.00536953
110.375,1.78809,-0.475195,0.00479957
110.5,1.79181,-0.485532,0.00410381
110.625,1.79448,-0.483223,0.00330135
110.75,1.79583,-0.468416,0.00241406
110.875,1.79573,-0.441571,0.00146583
111,1.79419,-0.403427,0.000481741
111.125,1.79138,-0.354966,-0.000512709
111.25,1.78757,-0.297407,-0.00149223
111.375,1.78315,-0.232183,-0.0024323
111.5,1.77858,-0.160916,-0.0033096
111.625,1.77432,-0.0854054,-0.00410233
111.75,1.77083,-0.00756514,-0.0047906
111.875,1.76846,0.0706388,-0.00535676
112,1.76749,0.147187,-0.00578578
112.125,1.768,0.220017,-0.00606574
112.25,1.76991,0.287141,-0.00618831
112.375,1.77301,0.346761,-0.00614925
112.5,1.77701,0.39729,-0.00594875
112.625,1.78151,0.437359,-0.00559156
112.75,1.78605,0.465898,-0.00508705
112.875,1.79015,0.482194,-0.00444887
113,1.79337,0.485895,-0.00369452
113.125,1.79537,0.476986,-0.00284465
113.25,1.79596,0.455783,-0.0019223
113.375,1.7951,0.422899,-0.000952073
113.5,1.79286,0.379201,4.06382e-05
113.625,1.78948,0.325797,0.00103037
113.75,1.7853,0.264024,0.00199217
113.875,1.78074,0.195413,0.0029021
114,1.77628,0.121685,0.00373761
114.125,1.77237,0.0447084,0.00447785
114.25,1.76942,-0.0335707,0.00510406
114.375,1.76777,-0.111161,0.00559992
114.5,1.76758,-0.186014,0.00595195
114.625,1.76884,-0.256086,0.00615008
114.75,1.77141,-0.319481,0.00618805
114.875,1.77502,-0.374514,0.00606393
115,1.77934,-0.419705,0.00578028
115.125,1.78392,-0.453832,0.00534431
115.25,1.78829,-0.47601,0.00476766
115.375,1.79197,-0.485716,0.0040661
115.5,1.79458,-0.482778,0.00325886
115.625,1.79586,-0.467356,0.00236795
115.75,1.79569,-0.439928,0.00141733
115.875,1.79408,-0.401243,0.000432113
116,1.79121,-0.352296,-0.000562187
116.125,1.78736,-0.294319,-0.00154031
116.25,1.78292,-0.228753,-0.00247779
116.375,1.77836,-0.15723,-0.00335136
116.5,1.77413,-0.0815572,-0.00413933
116.625,1.77068,-0.00365185,-0.00482191
116.75,1.76838,0.0745179,-0.00538155
116.875,1.76748,0.150929,-0.00580338
117,1.76806,0.22352,-0.00607564
117.125,1.77004,0.29031,-0.00619021
117.25,1.7732,0.349513,-0.00614305
117.375,1.77723,0.39955,-0.00593457
117.5,1.78174,0.439065,-0.00556976
117.625,1.78627,0.467006,-0.00505822
117.75,1.79034,0.48268,-0.00441379
117.875,1.7935,0.485748,-0.00365416
118,1.79543,0.476215,-0.00280011
118.125,1.79595,0.454412,-0.00187477
118.25,1.79502,0.420965,-0.000902819
118.375,1.79271,0.376754,9.0345e-05
118.5,1.78929,0.322899,0.00107927
118.625,1.78508,0.260746,0.00203904
118.75,1.78051,0.191838,0.00294577
118.875,1.77607,0.117902,0.003777
119,1.77219,0.0408138,0.00451198
119.125,1.76931,-0.0374786,0.00513204
119.25,1.76773,-0.114981,0.00562101
119.375,1.76761,-0.189643,0.00596557
119.5,1.76894,-0.259425,0.00615581
119.625,1.77156,-0.32244,0.0061857
119.75,1.77523,-0.377015,0.00605351
119.875,1.77957,-0.421681,0.00576204
120,1.78415,-0.455229,0.00531873
120.125,1.7885,-0.476793,0.00473544
120.25,1.79213,-0.48587,0.00402812
120.375,1.79468,-0.482301,0.00321616
120.5,1.79589,-0.466266,0.00232169
120.625,1.79564,-0.438255,0.00136874
120.75,1.79397,-0.399033,0.000382463
120.875,1.79103,-0.349604,-0.000611625
121,1.78715,-0.291212,-0.00158829
121.125,1.78269,-0.225308,-0.00252312
121.25,1.77813,-0.153534,-0.00339292
121.375,1.77393,-0.0777035,-0.00417608
121.5,1.77053,0.000262112,-0.00485291
121.625,1.7683,0.0783926,-0.005406
121.75,1.76748,0.154662,-0.00582061
121.875,1.76813,0.227009,-0.00608516
122,1.77017,0.293461,-0.00619171
122.125,1.77338,0.352241,-0.00613644
122.25,1.77745,0.401783,-0.00591999
122.375,1.78197,0.440742,-0.0055476
122.5,1.78649,0.468084,-0.00502905
122.625,1.79052,0.483133,-0.00437843
122.75,1.79362,0.485569,-0.00361357
122.875,1.79549,0.475413,-0.00275539
123,1.79594,0.453012,-0.00182713
123.125,1.79493,0.419005,-0.000853513
123.25,1.79257,0.374283,0.000140041
123.375,1.78909,0.31998,0.00112809
123.5,1.78485,0.257451,0.00208577
123.625,1.78028,0.18825,0.00298926
123.75,1.77586,0.114111,0.00381615
123.875,1.77202,0.0369163,0.00454581
124,1.7692,-0.0413845,0.00515969
124.125,1.76768,-0.118794,0.00564174
124.25,1.76764,-0.19326,0.00597879
124.375,1.76904,-0.262747,0.00616114
124.5,1.77173,-0.325379,0.00618294
124.625,1.77543,-0.379492,0.00604269
124.75,1.77979,-0.423629,0.00574343
124.875,1.78438,-0.456596,0.00529281
125,1.7887,-0.477546,0.00470291
125.125,1.79229,-0.485991,0.00398988
125.25,1.79477,-0.481793,0.00317326
125.375,1.79591,-0.465146,0.00227528
125.5,1.79559,-0.436555,0.00132006
125.625,1.79385,-0.396797,0.000332793
125.75,1.79086,-0.346889,-0.000661018
125.875,1.78693,-0.288086,-0.00163617
126,1.78247,-0.221849,-0.00256829
126.125,1.77791,-0.149828,-0.00343425
126.25,1.77374,-0.0738444,-0.00421255
126.375,1.77039,0.0041765,-0.0048836
126.5,1.76823,0.0822626,-0.0054301
126.625,1.76748,0.158385,-0.00583746
126.75,1.7682,0.230483,-0.00609427
126.875,1.7703,0.296592,-0.0061928
127,1.77356,0.354946,-0.00612943
127.125,1.77767,0.403989,-0.00590503
127.25,1.7822,0.44239,-0.00552507
127.375,1.78671,0.469131,-0.00499956
127.5,1.7907,0.483555,-0.00434278
127.625,1.79375,0.485359,-0.00357274
127.75,1.79555,0.474581,-0.0027105
127.875,1.79593,0.451582,-0.00177938
128,1.79484,0.417017,-0.000804156
128.125,1.79242,0.371788,0.000189723
128.25,1.78889,0.31704,0.00117684
128.375,1.78463,0.25414,0.00213237
128.5,1.78006,0.184649,0.00303255
128.625,1.77565,0.110312,0.00385506
128.75,1.77186,0.0330159,0.00457936
128.875,1.76909,-0.0452883,0.00518702
129,1.76765,-0.1226,0.0056621
129.125,1.76767,-0.196864,0.00599163
129.25,1.76914,-0.266052,0.00616606
129.375,1.77189,-0.328297,0.00617977
129.5,1.77564,-0.381944,0.00603147
129.625,1.78002,-0.425548,0.00572443
129.75,1.7846,-0.457933,0.00526653
129.875,1.7889,-0.478266,0.00467008
130,1.79244,-0.486081,0.00395138
130.125,1.79486,-0.481254,0.00313015
130.25,1.79593,-0.463996,0.00222873
130.375,1.79554,-0.434827,0.00127131
130.5,1.79373,-0.394536,0.000283107
130.625,1.79068,-0.344152,-0.000710365
130.75,1.78672,-0.284941,-0.00168394
130.875,1.78224,-0.218375,-0.00261329
131,1.77769,-0.146112,-0.00347537
131.125,1.77355,-0.0699803,-0.00424876
131.25,1.77025,0.00809106,-0.00491398
131.375,1.76815,0.0861278,-0.00545385
131.5,1.76748,0.162098,-0.00585394
131.625,1.76827,0.233942,-0.006103
131.75,1.77044,0.299704,-0.00619349
131.875,1.77375,0.357629,-0.00612202
132,1.77789,0.406169,-0.00588968
132.125,1.78243,0.444009,-0.00550218
132.25,1.78692,0.470148,-0.00496974
132.375,1.79088,0.483946,-0.00430685
132.5,1.79387,0.485118,-0.00353168
132.625,1.7956,0.473718,-0.00266543
132.75,1.79591,0.450124,-0.00173151
132.875,1.79475,0.415003,-0.000754754
133,1.79226,0.369269,0.000239389
133.125,1.78869,0.31408,0.00122551
133.25,1.7844,0.250813,0.00217882
133.375,1.77983,0.181037,0.00307564
133.5,1.77544,0.106506,0.00389372
133.625,1.77169,0.029113,0.00461261
133.75,1.76898,-0.0491895,0.00521401
133.875,1.76761,-0.126398,0.00568211
134,1.76771,-0.200456,0.00600409
134.125,1.76925,-0.26934,0.00617059
134.25,1.77206,-0.331192,0.0061762
134.375,1.77584,-0.384371,0.00601986
134.5,1.78025,-0.42744,0.00570506
134.625,1.78483,-0.459239,0.00523991
134.75,1.7891,-0.478956,0.00463694
134.875,1.79259,-0.48614,0.00391263
135,1.79495,-0.480684,0.00308684
135.125,1.79595,-0.462816,0.00218204
135.25,1.79548,-0.433071,0.00122248
135.375,1.7936,-0.392249,0.000233408
135.5,1.7905,-0.341393,-0.000759663
135.625,1.78651,-0.281779,-0.00173159
135.75,1.78201,-0.214887,-0.00265812
135.875,1.77747,-0.142386,-0.00351627
136,1.77336,-0.0661113,-0.0042847
136.125,1.77012,0.0120056,-0.00494404
136.25,1.76808,0.0899878,-0.00547725
136.375,1.76748,0.1658,-0.00587004
136.5,1.76835,0.237386,-0.00611132
136.625,1.77058,0.302796,-0.00619377
136.75,1.77394,0.360287,-0.0061142
136.875,1.77811,0.408323,-0.00587395
137,1.78266,0.445599,-0.00547892
137.125,1.78714,0.471133,-0.0049396
137.25,1.79105,0.484305,-0.00427064
137.375,1.79399,0.484845,-0.0034904
137.5,1.79565,0.472824,-0.0026202
137.625,1.79588,0.448637,-0.00168354
137.75,1.79466,0.412962,-0.000705307
137.875,1.79211,0.366727,0.000289034
138,1.78849,0.3111,0.0012741
138.125,1.78418,0.247469,0.00222514
138.25,1.7796,0.177412,0.00311854
138.375,1.77523,0.102693,0.00393214
138.5,1.77153,0.0252079,0.00464558
138.625,1.76888,-0.0530881,0.00524066
138.75,1.76758,-0.130189,0.00570175
138.875,1.76776,-0.204035,0.00601615
139,1.76936,-0.27261,0.00617471
139.125,1.77222,-0.334067,0.00617222
139.25,1.77605,-0.386772,0.00600785
139.375,1.78048,-0.429304,0.00568531
139.5,1.78505,-0.460516,0.00521295
139.625,1.78929,-0.479614,0.00460349
139.75,1.79274,-0.486167,0.00387362
139.875,1.79503,-0.480083,0.00304334
140,1.79596,-0.461607,0.00213521
140.125,1.79542,-0.431288,0.00117357
140.25,1.79347,-0.389938,0.000183699
140.375,1.79032,-0.338612,-0.000808907
140.5,1.78629,-0.278598,-0.00177914
140.625,1.78178,-0.211385,-0.00270278
140.75,1.77725,-0.13865,-0.00355694
140.875,1.77318,-0.0622377,-0.00432037
141,1.76998,0.0159197,-0.00497379
141.125,1.76802,0.0938424,-0.00550031
141.25,1.76749,0.169492,-0.00588576
141.375,1.76843,0.240814,-0.00611925
141.5,1.77073,0.305869,-0.00619365
141.625,1.77413,0.362922,-0.00610599
141.75,1.77833,0.410449,-0.00585782
141.875,1.78289,0.447159,-0.00545531
142,1.78735,0.472088,-0.00490912
142.125,1.79123,0.484632,-0.00423415
142.25,1.7941,0.484541,-0.00344889
142.375,1.7957,0.4719,-0.00257479
142.5,1.79586,0.447121,-0.00163547
142.625,1.79456,0.410895,-0.000655821
142.75,1.79195,0.364161,0.000338655
142.875,1.78829,0.3081,0.0013226
143,1.78395,0.244109,0.00227132
143.125,1.77937,0.173776,0.00316124
143.25,1.77503,0.0988733,0.0039703
143.375,1.77137,0.0213007,0.00467824
143.5,1.76878,-0.0569837,0.00526699
143.625,1.76756,-0.133971,0.00572102
143.75,1.76781,-0.207601,0.00602783
143.875,1.76948,-0.275862,0.00617843
144,1.77239,-0.336919,0.00616784
144.125,1.77626,-0.389148,0.00599544
144.25,1.78071,-0.431139,0.00566519
144.375,1.78528,-0.461762,0.00518564
144.5,1.78949,-0.480241,0.00456974
144.625,1.79288,-0.486162,0.00383436
144.75,1.79511,-0.479451,0.00299964
144.875,1.79596,-0.460368,0.00208825
145,1.79535,-0.429477,0.0011246
145.125,1.79334,-0.387602,0.000133983
145.25,1.79014,-0.33581,-0.000858095
145.375,1.78607,-0.275399,-0.00182656
145.5,1.78155,-0.207869,-0.00274727
145.625,1.77703,-0.134906,-0.00359739
145.75,1.77299,-0.0583597,-0.00435576
145.875,1.76985,0.0198333,-0.00500323
146,1.76796,0.0976913,-0.005523
146.125,1.7675,0.173174,-0.0059011
146.25,1.76852,0.244227,-0.00612678
146.375,1.77087,0.308921,-0.00619312
146.5,1.77433,0.365533,-0.00609737
146.625,1.77855,0.412548,-0.00584131
146.75,1.78312,0.44869,-0.00543133
146.875,1.78756,0.473012,-0.00487833
147,1.7914,0.484928,-0.00419738
147.125,1.79422,0.484205,-0.00340715
147.25,1.79574,0.470946,-0.00252923
147.375,1.79583,0.445577,-0.00158729
147.5,1.79446,0.408801,-0.000606298
147.625,1.79179,0.361572,0.000388251
147.75,1.78809,0.30508,0.00137101
147.875,1.78372,0.240733,0.00231734
148,1.77915,0.170129,0.00320374
148.125,1.77483,0.0950467,0.00400821
148.25,1.77121,0.0173917,0.00471061
148.375,1.76869,-0.0608761,0.00529297
148.5,1.76753,-0.137745,0.00573992
148.625,1.76786,-0.211154,0.00603911
148.75,1.7696,-0.279097,0.00618175
148.875,1.77257,-0.339749,0.00616306
149,1.77647,-0.391499,0.00598264
149.125,1.78094,-0.432946,0.00564469
149.25,1.7855,-0.462978,0.00515799
149.375,1.78968,-0.480837,0.0045357
149.5,1.79302,-0.486126,0.00379485
149.625,1.79519,-0.478788,0.00295574
149.75,1.79597,-0.4591,0.00204116
149.875,1.79528,-0.427638,0.00107556
150,1.79321,-0.385241,8.42637e-05
