# ours (fluidpy.ch11_instability.benard_neutral_table), Chebyshev N = 40; not book data
K,Ra_rigid_rigid,Ra_free_free,Ra_rigid_free,Ra_odd_rigid_rigid
0.5,21009.8,4145.25,10195.5,629153
0.6,14828.3,2973.54,7231.93,439265
0.7,11103.4,2268.99,5447.17,324777
0.8,8688.11,1813.76,4291.04,250478
0.9,7034.66,1503.77,3500.74,199548
1,5854.48,1284.23,2937.85,163128
1.1,4983.89,1124.05,2523.87,136190
1.2,4324.42,1004.57,2211.56,115711
1.3,3813.95,913.992,1971.14,99783.1
1.4,3411.75,844.607,1783.09,87154.6
1.5,3090.19,791.194,1634.16,76976.6
1.6,2830,750.122,1515.15,68656.6
1.7,2617.45,718.809,1419.46,61771.4
1.8,2442.5,695.382,1342.31,56011.8
1.9,2297.69,678.46,1280.14,51147.8
2,2177.41,667.01,1230.29,47005.6
2.1,2077.35,660.252,1190.7,43451.6
2.2,1994.18,657.594,1159.8,40381.9
2.3,1925.27,658.579,1136.36,37714.7
2.4,1868.56,662.859,1119.42,35384.9
2.5,1822.4,670.167,1108.22,33340.2
2.6,1785.47,680.298,1102.15,31538.3
2.7,1756.68,693.097,1100.72,29944.2
2.8,1735.17,708.452,1103.55,28529.4
2.9,1720.23,726.28,1110.33,27270.2
3,1711.28,746.528,1120.82,26146.6
3.1,1707.83,769.161,1134.82,25142.1
3.2,1709.5,794.165,1152.19,24242.4
3.3,1715.97,821.541,1172.81,23435.6
3.4,1726.98,851.304,1196.59,22711.4
3.5,1742.32,883.478,1223.49,22061
3.6,1761.83,918.1,1253.45,21477
3.7,1785.36,955.214,1286.47,20952.6
3.8,1812.82,994.87,1322.53,20482.3
3.9,1844.14,1037.13,1361.65,20061.1
4,1879.26,1082.06,1403.84,19684.6
4.1,1918.14,1129.72,1449.15,19349
4.2,1960.77,1180.2,1497.61,19051.1
4.3,2007.16,1233.57,1549.28,18787.9
4.4,2057.31,1289.92,1604.22,18556.7
4.5,2111.24,1349.34,1662.48,18355.4
4.6,2169,1411.93,1724.15,18181.8
4.7,2230.63,1477.78,1789.3,18034.1
4.8,2296.19,1546.98,1858.02,17910.8
4.9,2365.73,1619.66,1930.39,17810.3
5,2439.32,1695.9,2006.51,17731.5
5.1,2517.05,1775.83,2086.47,17673.2
5.2,2598.99,1859.57,2170.39,17634.3
5.3,2685.24,1947.21,2258.36,17614
5.4,2775.88,2038.9,2350.5,17611.5
5.5,2871.02,2134.74,2446.93,17625.9
5.6,2970.76,2234.87,2547.75,17656.7
5.7,3075.21,2339.41,2653.09,17703.3
5.8,3184.49,2448.5,2763.09,17765.2
5.9,3298.7,2562.26,2877.85,17841.9
6,3417.98,2680.85,2997.52,17933
6.1,3542.45,2804.39,3122.23,18038.2
6.2,3672.23,2933.03,3252.12,18157.1
6.3,3807.47,3066.92,3387.33,18289.4
6.4,3948.29,3206.2,3528,18435
6.5,4094.83,3351.02,3674.28,18593.6
6.6,4247.24,3501.53,3826.32,18764.9
6.7,4405.67,3657.9,3984.26,18949
6.8,4570.26,3820.27,4148.27,19145.5
6.9,4741.16,3988.81,4318.5,19354.5
7,4918.54,4163.68,4495.11,19575.8
7.1,5102.55,4345.05,4678.27,19809.4
7.2,5293.35,4533.08,4868.14,20055.3
7.3,5491.1,4727.95,5064.88,20313.3
7.4,5695.98,4929.82,5268.68,20583.5
7.5,5908.14,5138.88,5479.7,20865.9
7.6,6127.78,5355.29,5698.11,21160.5
7.7,6355.05,5579.25,5924.1,21467.3
7.8,6590.14,5810.93,6157.85,21786.3
7.9,6833.23,6050.53,6399.55,22117.7
8,7084.51,6298.21,6649.37,22461.5
8.1,7344.15,6554.19,6907.5,22817.7
8.2,7612.36,6818.64,7174.15,23186.4
8.3,7889.31,7091.77,7449.49,23567.8
8.4,8175.21,7373.76,7733.74,23961.8
8.5,8470.25,7664.83,8027.08,24368.7
8.6,8774.63,7965.18,8329.71,24788.5
8.7,9088.55,8275,8641.85,25221.4
8.8,9412.22,8594.5,8963.7,25667.5
8.9,9745.84,8923.9,9295.47,26126.9
9,10089.6,9263.41,9637.36,26599.7
9.1,10443.8,9613.24,9989.59,27086.2
9.2,10808.5,9973.61,10352.4,27586.4
9.3,11184.1,10344.7,10725.9,28100.6
9.4,11570.7,10726.8,11110.5,28628.8
9.5,11968.5,11120.1,11506.3,29171.3
9.6,12377.9,11524.9,11913.5,29728.3
9.7,12798.9,11941.3,12332.4,30299.8
9.8,13231.8,12369.5,12763.2,30886.2
9.9,13676.9,12810,13206.2,31487.6
10,14134.4,13262.7,13661.5,32104.1
