# ours (fluidpy.ch11_instability.neutral_curve_tables), Orr–Sommerfeld, Chebyshev; not book data
# flow: Bickley jet U = sech² y; L = L, U0 = centreline speed; sinuous mode, box max(40, 12/k), k scanned from 0.02 to 2; k_lower, k_upper = edges of the unstable band that contains the fastest-growing wave; k_lower = nan with k_upper finite: that band reaches below k = 0.02 (its lower edge is not resolved - the flow is UNSTABLE there, not stable); a stable gap opens inside the band between Re = 16.78 and 19.32: from there on k_lower is the upper edge of the gap (it jumps - do not join it across) and a second, long-wave unstable band lies below the gap (os_neutral_bickley_longwave.csv)
Re,k_lower,k_upper,cr_lower,cr_upper
4.1,0.1257,0.2319,0.02547,0.06879
4.721,0.06549,0.3749,0.007975,0.1361
5.435,0.04275,0.4809,0.003593,0.1861
6.258,0.02962,0.5773,0.001783,0.2296
7.205,0.02114,0.6686,0.0009281,0.2688
8.295,nan,0.7564,nan,0.3044
9.551,nan,0.8414,nan,0.3369
11,nan,0.9237,nan,0.3669
12.66,nan,1.003,nan,0.3945
14.58,nan,1.08,nan,0.4199
16.78,nan,1.154,nan,0.4434
19.32,0.07585,1.225,-0.059,0.4651
22.25,0.0697,1.293,-0.08925,0.4851
25.62,0.06198,1.357,-0.1143,0.5036
29.49,0.05442,1.418,-0.1357,0.5206
33.96,0.04748,1.475,-0.1541,0.5362
39.1,0.0413,1.529,-0.1701,0.5505
45.02,0.03585,1.578,-0.1839,0.5635
51.83,0.03109,1.623,-0.1958,0.5753
59.67,0.02695,1.665,-0.2061,0.586
68.71,0.02336,1.703,-0.2151,0.5956
79.11,0.02025,1.737,-0.2228,0.6041
91.08,nan,1.767,nan,0.6118
104.9,nan,1.795,nan,0.6185
120.7,nan,1.819,nan,0.6245
139,nan,1.841,nan,0.6298
160.1,nan,1.86,nan,0.6344
184.3,nan,1.878,nan,0.6385
212.2,nan,1.893,nan,0.642
244.3,nan,1.906,nan,0.6452
281.3,nan,1.918,nan,0.6479
323.8,nan,1.928,nan,0.6503
372.8,nan,1.937,nan,0.6524
429.3,nan,1.945,nan,0.6543
494.2,nan,1.952,nan,0.6559
569.1,nan,1.958,nan,0.6573
655.2,nan,1.964,nan,0.6585
754.4,nan,1.968,nan,0.6596
868.5,nan,1.973,nan,0.6605
1000,nan,1.976,nan,0.6613
