# ours (fluidpy.ch11_instability), computed; not book data
# U = tanh z, N^2 = J sech^2 z; k c_i of the leading converged unstable Taylor-Goldstein mode (N = 100, box max(30, 12/k), tan-map scale min(0.5, max(0.035, 0.025/k))); every entry with J < k(1 - k) (the exact neutral curve) is positive, so the zero strip under the curve is 0.0075 (k = 0.05, 0.15, ..., 0.95) or 0.01 (k = 0.1, 0.2, ..., 0.9, where the curve passes through a grid point) wide - one J step at most; off the grid a weak mode (k c_i < 0.004) within 0.0002 (k = 0.05) to 0.006 (k = 0.95) of the curve is still reported as 0
J,k=0.05,k=0.1,k=0.15,k=0.2,k=0.25,k=0.3,k=0.35,k=0.4,k=0.45,k=0.5,k=0.55,k=0.6,k=0.65,k=0.7,k=0.75,k=0.8,k=0.85,k=0.9,k=0.95,k=1
0,0.04573,0.08364,0.1146,0.1395,0.1588,0.1731,0.1827,0.1882,0.1897,0.1875,0.1819,0.173,0.161,0.146,0.1283,0.1077,0.08457,0.05885,0.03064,0
0.01,0.0403,0.07825,0.1092,0.134,0.1532,0.1674,0.177,0.1824,0.1838,0.1816,0.1759,0.1669,0.1549,0.1399,0.1221,0.1015,0.07829,0.05253,0.02428,0
0.02,0.03408,0.07251,0.1035,0.1283,0.1474,0.1616,0.1711,0.1764,0.1778,0.1755,0.1698,0.1608,0.1487,0.1337,0.1158,0.09519,0.07195,0.04615,0.01788,0
0.03,0.02655,0.06632,0.09754,0.1223,0.1415,0.1556,0.1651,0.1704,0.1717,0.1694,0.1636,0.1546,0.1425,0.1274,0.1095,0.08882,0.06555,0.03973,0.01142,0
0.04,0.0163,0.0596,0.09127,0.1162,0.1354,0.1495,0.159,0.1642,0.1655,0.1632,0.1574,0.1483,0.1361,0.121,0.1031,0.0824,0.0591,0.03325,0.004914,0
0.05,0,0.05216,0.08462,0.1098,0.1291,0.1432,0.1527,0.158,0.1592,0.1569,0.151,0.1419,0.1297,0.1146,0.0966,0.07591,0.05259,0.02671,0,0
0.06,0,0.04373,0.07755,0.1031,0.1226,0.1368,0.1463,0.1516,0.1528,0.1504,0.1446,0.1354,0.1232,0.1081,0.09007,0.06936,0.04601,0.02012,0,0
0.07,0,0.0338,0.06994,0.09612,0.1158,0.1302,0.1398,0.145,0.1463,0.1439,0.138,0.1289,0.1167,0.1015,0.08347,0.06274,0.03938,0.01347,0,0
0.08,0,0.02114,0.06168,0.08874,0.1088,0.1233,0.133,0.1383,0.1396,0.1372,0.1314,0.1222,0.11,0.09482,0.0768,0.05606,0.03269,0.006767,0,0
0.09,0,0,0.05258,0.08094,0.1015,0.1163,0.1261,0.1315,0.1328,0.1305,0.1246,0.1155,0.1033,0.08808,0.07006,0.04931,0.02593,0,0,0
0.1,0,0,0.04232,0.07263,0.09388,0.109,0.119,0.1245,0.1259,0.1236,0.1178,0.1087,0.09644,0.08126,0.06324,0.04249,0.01911,0,0,0
0.11,0,0,0.03035,0.0637,0.08587,0.1014,0.1116,0.1173,0.1188,0.1166,0.1108,0.1017,0.08952,0.07435,0.05634,0.0356,0.01222,0,0,0
0.12,0,0,0.01542,0.054,0.07744,0.09354,0.1041,0.1099,0.1116,0.1094,0.1037,0.09467,0.0825,0.06736,0.04936,0.02863,0.005264,0,0,0
0.13,0,0,0,0.04333,0.06852,0.08535,0.09629,0.1024,0.1042,0.1021,0.09649,0.08751,0.07539,0.06027,0.0423,0.02159,0,0,0,0
0.14,0,0,0,0.03131,0.05901,0.07678,0.08822,0.09461,0.09661,0.09468,0.08914,0.08024,0.06817,0.05309,0.03516,0.01447,0,0,0,0
0.15,0,0,0,0.01733,0.04879,0.0678,0.07986,0.08661,0.08885,0.08709,0.08166,0.07285,0.06084,0.04582,0.02793,0.007278,0,0,0,0
0.16,0,0,0,0,0.0377,0.05834,0.07117,0.07836,0.08089,0.07932,0.07404,0.06533,0.05341,0.03845,0.02061,0,0,0,0,0
0.17,0,0,0,0,0.02548,0.04833,0.06211,0.06984,0.07271,0.07138,0.06627,0.05768,0.04586,0.03098,0.0132,0,0,0,0,0
0.18,0,0,0,0,0.01173,0.03765,0.05265,0.06103,0.06431,0.06325,0.05834,0.0499,0.03819,0.0234,0.005692,0,0,0,0,0
0.19,0,0,0,0,0,0.02618,0.04273,0.0519,0.05566,0.05493,0.05024,0.04198,0.0304,0.01571,0,0,0,0,0,0
0.2,0,0,0,0,0,0.01373,0.03227,0.04242,0.04675,0.04639,0.04198,0.03391,0.02248,0.007915,0,0,0,0,0,0
0.21,0,0,0,0,0,0,0.02121,0.03254,0.03755,0.03764,0.03353,0.02568,0.01443,0,0,0,0,0,0,0
0.22,0,0,0,0,0,0,0.009412,0.02222,0.02804,0.02864,0.02488,0.0173,0.006237,0,0,0,0,0,0,0
0.23,0,0,0,0,0,0,0,0.0114,0.01818,0.01938,0.01603,0.008738,0,0,0,0,0,0,0,0
0.24,0,0,0,0,0,0,0,0,0.007949,0.00984,0.006956,0,0,0,0,0,0,0,0,0
0.25,0,0,0,0,0,0,0,0,0,0,0,0,0,0,0,0,0,0,0,0
0.26,0,0,0,0,0,0,0,0,0,0,0,0,0,0,0,0,0,0,0,0
0.27,0,0,0,0,0,0,0,0,0,0,0,0,0,0,0,0,0,0,0,0
0.28,0,0,0,0,0,0,0,0,0,0,0,0,0,0,0,0,0,0,0,0
0.29,0,0,0,0,0,0,0,0,0,0,0,0,0,0,0,0,0,0,0,0
0.3,0,0,0,0,0,0,0,0,0,0,0,0,0,0,0,0,0,0,0,0
