# Subset of the mean-velocity profiles of Lee & Moser (2015), J. Fluid Mech. 774, 395-415, doi:10.1017/jfm.2015.268
# source files: https://turbulence.oden.utexas.edu/channel2015/data/LM_Channel_<case>_mean_prof.dat (downloaded by reference/ch12/make_refs.py)
# every row is a row of the source file (thinned, not interpolated); wall units (u_tau, nu); half-channel
# Re_tau = exact value from the file header; dUdy_plus = dU+/dy+ as tabulated by the authors
case,Re_tau,y_over_delta,yplus,Uplus,dUdy_plus
180,182.088,1.11022302e-16,2.02158724e-14,0.00000000e+00,1.00000000e+00
180,182.088,5.79146138e-05,1.05455788e-02,1.05452735e-02,9.99942084e-01
180,182.088,2.14103019e-04,3.89856742e-02,3.89815003e-02,9.99785849e-01
180,182.088,5.08896619e-04,9.26641664e-02,9.26405736e-02,9.99490479e-01
180,182.088,9.82587641e-04,1.78917803e-01,1.78829702e-01,9.99012962e-01
180,182.088,1.67541775e-03,3.05074123e-01,3.04816876e-01,9.98302501e-01
180,182.088,2.62756669e-03,4.78449391e-01,4.77810594e-01,9.97286721e-01
180,182.088,3.87914089e-03,7.06346523e-01,7.04927624e-01,9.95842373e-01
180,182.088,5.41224755e-03,9.85507449e-01,9.82653570e-01,9.93822904e-01
180,182.088,7.22645338e-03,1.31585327e+00,1.31049875e+00,9.90933584e-01
180,182.088,9.32124563e-03,1.69729062e+00,1.68770482e+00,9.86699851e-01
180,182.088,1.16960323e-02,2.12971169e+00,2.11308060e+00,9.80427748e-01
180,182.088,1.43501421e-02,2.61299428e+00,2.58477499e+00,9.71196941e-01
180,182.088,1.72828249e-02,3.14700178e+00,3.10000437e+00,9.57911249e-01
180,182.088,2.04932520e-02,3.73158328e+00,3.65477990e+00,9.39421719e-01
180,182.088,2.39805159e-02,4.36657355e+00,4.24370630e+00,9.14713197e-01
180,182.088,2.77436310e-02,5.05179313e+00,4.85993183e+00,8.83115703e-01
180,182.088,3.17815338e-02,5.78704836e+00,5.49530768e+00,8.44482618e-01
180,182.088,3.60930831e-02,6.57213142e+00,6.14076756e+00,7.99281130e-01
180,182.088,4.06770602e-02,7.40682044e+00,6.78687959e+00,7.48566437e-01
180,182.088,5.06570392e-02,9.22405876e+00,8.04525264e+00,6.36882229e-01
180,182.088,5.60502205e-02,1.02060945e+01,8.64223070e+00,5.79455339e-01
180,182.088,6.17101891e-02,1.12367090e+01,9.21004061e+00,5.23184796e-01
180,182.088,7.38240151e-02,1.34424961e+01,1.02450139e+01,4.19029202e-01
180,182.088,8.69848231e-02,1.58389265e+01,1.11385120e+01,3.30706193e-01
180,182.088,9.39532420e-02,1.71077947e+01,1.15336567e+01,2.93076506e-01
180,182.088,1.08656263e-01,1.97850441e+01,1.22296802e+01,2.30245807e-01
180,182.088,1.24366890e-01,2.26457669e+01,1.28153841e+01,1.81927713e-01
180,182.088,1.41067364e-01,2.56867293e+01,1.33097451e+01,1.45278930e-01
180,182.088,1.67932439e-01,3.05785477e+01,1.39177748e+01,1.06600369e-01
180,182.088,1.87022540e-01,3.40546334e+01,1.42554811e+01,8.87046832e-02
180,182.088,2.17373823e-01,3.95812496e+01,1.46891798e+01,6.97606856e-02
180,182.088,2.49715465e-01,4.54702872e+01,1.50600339e+01,5.71488079e-02
180,182.088,2.83965215e-01,5.17067692e+01,1.53878806e+01,4.86005023e-02
180,182.088,3.32448499e-01,6.05350122e+01,1.57807722e+01,4.10646026e-02
180,182.088,3.83949424e-01,6.99127328e+01,1.61408339e+01,3.60264309e-02
180,182.088,4.38235184e-01,7.97975394e+01,1.64769551e+01,3.21820410e-02
180,182.088,4.95060381e-01,9.01447482e+01,1.67935508e+01,2.91120430e-02
180,182.088,5.69270627e-01,1.03657572e+02,1.71624830e+01,2.55203902e-02
180,182.088,6.62290286e-01,1.20595372e+02,1.75584531e+01,2.12409214e-02
180,182.088,7.58743187e-01,1.38158326e+02,1.78894672e+01,1.63399542e-02
180,182.088,8.57648766e-01,1.56167884e+02,1.81316330e+01,1.03433129e-02
180,182.088,9.91597930e-01,1.80558472e+02,1.82683083e+01,6.39540565e-04
550,543.496,0.00000000e+00,0.00000000e+00,0.00000000e+00,1.00000000e+00
550,543.496,4.96005504e-06,2.69577032e-03,2.69576363e-03,9.99995040e-01
550,543.496,2.47999308e-05,1.34786644e-02,1.34784972e-02,9.99975198e-01
550,543.496,6.94383596e-05,3.77394741e-02,3.77381633e-02,9.99930509e-01
550,543.496,1.48792352e-04,8.08680553e-02,8.08620286e-02,9.99850690e-01
550,543.496,2.72776507e-04,1.48252954e-01,1.48232615e-01,9.99724010e-01
550,543.496,4.51302327e-04,2.45281031e-01,2.45224787e-01,9.99534017e-01
550,543.496,6.94277522e-04,3.77337090e-01,3.77201035e-01,9.99251682e-01
550,543.496,1.00664528e-03,5.47107730e-01,5.46809726e-01,9.98826500e-01
550,543.496,1.38838390e-03,7.54581164e-01,7.53974452e-01,9.98167687e-01
550,543.496,1.83946689e-03,9.99742983e-01,9.98564872e-01,9.97113623e-01
550,543.496,2.35986291e-03,1.28257616e+00,1.28035380e+00,9.95402130e-01
550,543.496,2.94953583e-03,1.60306107e+00,1.59894861e+00,9.92641141e-01
550,543.496,3.60844470e-03,1.96117543e+00,1.95369169e+00,9.88288165e-01
550,543.496,4.33654377e-03,2.35689440e+00,2.34353010e+00,9.81650125e-01
550,543.496,5.13378248e-03,2.79019049e+00,2.76686312e+00,9.71915189e-01
550,543.496,6.00010546e-03,3.26103361e+00,3.22138836e+00,9.58222987e-01
550,543.496,6.93545257e-03,3.76939106e+00,3.70397679e+00,9.39769083e-01
550,543.496,7.93975884e-03,4.31522755e+00,4.21061126e+00,9.15927086e-01
550,543.496,1.01549651e-02,5.51918342e+00,5.27580100e+00,8.51113305e-01
550,543.496,1.13657113e-02,6.17721920e+00,5.82268210e+00,8.10613339e-01
550,543.496,1.39930695e-02,7.60517797e+00,6.91404997e+00,7.17335296e-01
550,543.496,1.54094990e-02,8.37500181e+00,7.44678893e+00,6.66877379e-01
550,543.496,1.84473670e-02,1.00260711e+01,8.46196699e+00,5.64613647e-01
550,543.496,2.35150741e-02,1.27803499e+01,9.81325374e+00,4.23264776e-01
550,543.496,2.72327804e-02,1.48009085e+01,1.05853106e+01,3.44170536e-01
550,543.496,3.12206808e-02,1.69683166e+01,1.12571364e+01,2.78739898e-01
550,543.496,3.77067018e-02,2.04934434e+01,1.20981898e+01,2.03864870e-01
550,543.496,4.47940966e-02,2.43454145e+01,1.27746293e+01,1.51252047e-01
550,543.496,5.24784358e-02,2.85218225e+01,1.33243415e+01,1.14686981e-01
550,543.496,6.36444482e-02,3.45905061e+01,1.39138740e+01,8.26567417e-02
550,543.496,7.58507102e-02,4.12245613e+01,1.43900511e+01,6.27255937e-02
550,543.496,8.90836614e-02,4.84166179e+01,1.47918450e+01,5.00896758e-02
550,543.496,1.07046128e-01,5.81791477e+01,1.52276946e+01,4.01599010e-02
550,543.496,1.26558565e-01,6.87840799e+01,1.56173566e+01,3.38228692e-02
550,543.496,1.51971575e-01,8.25959506e+01,1.60461039e+01,2.86653164e-02
550,543.496,1.79504115e-01,9.75597772e+01,1.64461981e+01,2.50587101e-02
550,543.496,2.14212170e-01,1.16423468e+02,1.68874360e+01,2.18753864e-02
550,543.496,2.51593203e-01,1.36739911e+02,1.73048107e+01,1.93458114e-02
550,543.496,2.97423898e-01,1.61648713e+02,1.77569427e+01,1.70916659e-02
550,543.496,3.52703622e-01,1.91693025e+02,1.82388381e+01,1.50788739e-02
550,543.496,4.18379491e-01,2.27387600e+02,1.87427309e+01,1.32145539e-02
550,543.496,5.02476599e-01,2.73094046e+02,1.93030370e+01,1.13554735e-02
550,543.496,5.91544563e-01,3.21502132e+02,1.98117649e+01,9.68828854e-03
550,543.496,7.08510069e-01,3.85072423e+02,2.03608924e+01,7.54504265e-03
550,543.496,8.38240471e-01,4.55580384e+02,2.07932198e+01,4.58896191e-03
550,543.496,9.95834022e-01,5.41231856e+02,2.10001613e+01,1.30821209e-04
1000,1000.512,0.00000000e+00,0.00000000e+00,0.00000000e+00,1.00000000e+00
1000,1000.512,2.76431514e-06,2.76572944e-03,2.76572562e-03,9.99997236e-01
1000,1000.512,1.38214687e-05,1.38285402e-02,1.38284446e-02,9.99986175e-01
1000,1000.512,3.86996631e-05,3.87194629e-02,3.87187131e-02,9.99961236e-01
1000,1000.512,8.29265659e-05,8.29689933e-02,8.29655404e-02,9.99916464e-01
1000,1000.512,1.52029096e-04,1.52106878e-01,1.52095173e-01,9.99844249e-01
1000,1000.512,2.51533208e-04,2.51661899e-01,2.51629187e-01,9.99731587e-01
1000,1000.512,3.86963683e-04,3.87161664e-01,3.87080786e-01,9.99551104e-01
1000,1000.512,5.61079595e-04,5.61366658e-01,5.61182562e-01,9.99247921e-01
1000,1000.512,7.73874204e-04,7.74270139e-01,7.73873166e-01,9.98718056e-01
1000,1000.512,1.02533928e-03,1.02586387e+00,1.02503415e+00,9.97776332e-01
1000,1000.512,1.31546508e-03,1.31613811e+00,1.31443954e+00,9.96122851e-01
1000,1000.512,1.64424039e-03,1.64508162e+00,1.64167551e+00,9.93311184e-01
1000,1000.512,2.01165247e-03,2.01268169e+00,2.00602507e+00,9.88728887e-01
1000,1000.512,2.41768712e-03,2.41892407e+00,2.40631915e+00,9.81604126e-01
1000,1000.512,3.34555974e-03,3.34727142e+00,3.30679365e+00,9.56157325e-01
1000,1000.512,3.86736181e-03,3.86934045e+00,3.80091523e+00,9.36108329e-01
1000,1000.512,4.42771462e-03,4.42997996e+00,4.31869967e+00,9.10319541e-01
1000,1000.512,5.66398424e-03,5.66688208e+00,5.40329266e+00,8.40982164e-01
1000,1000.512,6.33985320e-03,6.34309684e+00,5.95764595e+00,7.98203286e-01
1000,1000.512,7.80692866e-03,7.81092289e+00,7.05824248e+00,7.01096058e-01
1000,1000.512,9.42759575e-03,9.43241915e+00,8.10966198e+00,5.97139720e-01
1000,1000.512,1.12016036e-02,1.12073346e+01,9.07764106e+00,4.96261566e-01
1000,1000.512,1.31286776e-02,1.31353946e+01,9.94383129e+00,4.05529844e-01
1000,1000.512,1.63056286e-02,1.63139709e+01,1.10456308e+01,2.95020016e-01
1000,1000.512,1.86140111e-02,1.86235345e+01,1.16583831e+01,2.38342050e-01
1000,1000.512,2.23613143e-02,2.23727549e+01,1.24236342e+01,1.74655816e-01
1000,1000.512,2.64491239e-02,2.64626560e+01,1.30408157e+01,1.30475161e-01
1000,1000.512,3.24267355e-02,3.24433259e+01,1.36947231e+01,9.19632487e-02
1000,1000.512,3.90034458e-02,3.90234010e+01,1.42144207e+01,6.82383853e-02
1000,1000.512,4.61751828e-02,4.61988073e+01,1.46459000e+01,5.33472637e-02
1000,1000.512,5.59698104e-02,5.59984460e+01,1.51064951e+01,4.18018321e-02
1000,1000.512,6.66777262e-02,6.67118403e+01,1.55123145e+01,3.45583711e-02
1000,1000.512,8.07181183e-02,8.07594158e+01,1.59535758e+01,2.87226472e-02
1000,1000.512,9.60391230e-02,9.60882592e+01,1.63600264e+01,2.45774855e-02
1000,1000.512,1.15503609e-01,1.15562704e+02,1.68016215e+01,2.10029126e-02
1000,1000.512,1.36645123e-01,1.36715035e+02,1.72154504e+01,1.82754318e-02
1000,1000.512,1.62808795e-01,1.62892092e+02,1.76600863e+01,1.58242104e-02
1000,1000.512,1.98420677e-01,1.98522194e+02,1.81787759e+01,1.34580905e-02
1000,1000.512,2.37133713e-01,2.37255037e+02,1.86624636e+01,1.15868607e-02
1000,1000.512,2.83120788e-01,2.83265640e+02,1.91560603e+01,9.96677965e-03
1000,1000.512,3.37107767e-01,3.37280240e+02,1.96581227e+01,8.69117221e-03
1000,1000.512,4.04737212e-01,4.04944286e+02,2.02036485e+01,7.49270302e-03
1000,1000.512,4.82190456e-01,4.82437158e+02,2.07445331e+01,6.50021162e-03
1000,1000.512,5.81019629e-01,5.81316894e+02,2.13326759e+01,5.43478399e-03
1000,1000.512,6.96928906e-01,6.97285473e+02,2.18956913e+01,4.24424271e-03
1000,1000.512,8.29769621e-01,8.30194153e+02,2.23573654e+01,2.66542426e-03
1000,1000.512,9.96889758e-01,9.97399793e+02,2.25928634e+01,5.38348065e-05
2000,1994.756,0.00000000e+00,0.00000000e+00,0.00000000e+00,1.00000000e+00
2000,1994.756,1.21731165e-06,2.42824018e-03,2.42823871e-03,9.99998783e-01
2000,1994.756,6.08653752e-06,1.21411595e-02,1.21411226e-02,9.99993912e-01
2000,1994.756,1.70422179e-05,3.39950729e-02,3.39947829e-02,9.99982916e-01
2000,1994.756,3.65187895e-05,7.28460882e-02,7.28447506e-02,9.99963069e-01
2000,1994.756,6.69505435e-05,1.33550024e-01,1.33545468e-01,9.99930484e-01
2000,1994.756,1.10771585e-04,2.20962325e-01,2.20949442e-01,9.99877493e-01
2000,1994.756,1.70415790e-04,3.39937983e-01,3.39905368e-01,9.99786336e-01
2000,1994.756,2.47099453e-04,4.92903211e-01,4.92825986e-01,9.99619207e-01
2000,1994.756,3.40821269e-04,6.79855401e-01,6.79679682e-01,9.99303021e-01
2000,1994.756,4.51579640e-04,9.00791367e-01,9.00400955e-01,9.98707273e-01
2000,1994.756,5.79372677e-04,1.15570734e+00,1.15485906e+00,9.97619357e-01
2000,1994.756,7.24198204e-04,1.44459899e+00,1.44280748e+00,9.95719287e-01
2000,1994.756,8.86053752e-04,1.76746137e+00,1.76380990e+00,9.92559975e-01
2000,1994.756,1.06493656e-03,2.12428900e+00,2.11714133e+00,9.87561756e-01
2000,1994.756,1.26084359e-03,2.51507579e+00,2.50166924e+00,9.80030394e-01
2000,1994.756,1.47377149e-03,2.93981508e+00,2.91572728e+00,9.69204720e-01
2000,1994.756,1.70371663e-03,3.39849962e+00,3.35700188e+00,9.54333099e-01
2000,1994.756,2.21464270e-03,4.41767266e+00,4.30831909e+00,9.10068846e-01
2000,1994.756,2.49561492e-03,4.97814377e+00,4.81014159e+00,8.80070990e-01
2000,1994.756,3.10855376e-03,6.20080745e+00,5.84142481e+00,8.05169586e-01
2000,1994.756,3.78944986e-03,7.55902929e+00,6.87408268e+00,7.15013573e-01
2000,1994.756,4.53825680e-03,9.05271670e+00,7.86865998e+00,6.17709607e-01
2000,1994.756,5.78868710e-03,1.15470205e+01,9.22639739e+00,4.76260565e-01
2000,1994.756,6.70703770e-03,1.33789062e+01,1.00202086e+01,3.93331975e-01
2000,1994.756,8.21150266e-03,1.63799473e+01,1.10386689e+01,2.91768856e-01
2000,1994.756,9.86808768e-03,1.96844308e+01,1.18699286e+01,2.16517798e-01
2000,1994.756,1.23130564e-02,2.45615477e+01,1.27439370e+01,1.48318860e-01
2000,1994.756,1.50273396e-02,2.99758816e+01,1.34195631e+01,1.05250878e-01
2000,1994.756,1.80101974e-02,3.59259561e+01,1.39573647e+01,7.79721254e-02
2000,1994.756,2.12608162e-02,4.24101488e+01,1.44012784e+01,6.04467019e-02
2000,1994.756,2.56992717e-02,5.12637861e+01,1.48694861e+01,4.66697749e-02
2000,1994.756,3.15731654e-02,6.29807731e+01,1.53518530e+01,3.66750461e-02
2000,1994.756,3.80411837e-02,7.58828939e+01,1.57808740e+01,3.03429224e-02
2000,1994.756,4.63327986e-02,9.24226456e+01,1.62378172e+01,2.52933653e-02
2000,1994.756,5.67835938e-02,1.13269436e+02,1.67191552e+01,2.11751161e-02
2000,1994.756,6.82630736e-02,1.36168202e+02,1.71665012e+01,1.80683331e-02
2000,1994.756,8.23914565e-02,1.64350883e+02,1.76350702e+01,1.53363468e-02
2000,1994.756,9.95742152e-02,1.98626301e+02,1.81176509e+01,1.29567324e-02
2000,1994.756,1.20246187e-01,2.39861848e+02,1.86079211e+01,1.09533316e-02
2000,1994.756,1.47011658e-01,2.93252442e+02,1.91408339e+01,9.12826163e-03
2000,1994.756,1.78580469e-01,3.56224531e+02,1.96660161e+01,7.64266514e-03
2000,1994.756,2.15445148e-01,4.29760583e+02,2.01821459e+01,6.47112833e-03
2000,1994.756,2.60852700e-01,5.20337587e+02,2.07198679e+01,5.46164183e-03
2000,1994.756,3.15897637e-01,6.30138826e+02,2.12706866e+01,4.63028309e-03
2000,1994.756,3.81616287e-01,7.61231523e+02,2.18293211e+01,3.92816045e-03
2000,1994.756,4.62380259e-01,9.22335971e+02,2.24142404e+01,3.37007133e-03
2000,1994.756,5.59501307e-01,1.11606880e+03,2.30141735e+01,2.85263119e-03
2000,1994.756,6.81586319e-01,1.35959866e+03,2.36357286e+01,2.23370214e-03
2000,1994.756,8.25454395e-01,1.64658042e+03,2.41541699e+01,1.34726461e-03
2000,1994.756,9.97935950e-01,1.99063910e+03,2.43957995e+01,1.68143771e-05
5200,5185.897,0.00000000e+00,0.00000000e+00,0.00000000e+00,1.00000000e+00
5200,5185.897,1.37107135e-05,7.11023502e-02,7.11018557e-02,9.99985890e-01
5200,5185.897,4.16995393e-05,2.16249522e-01,2.16244401e-01,9.99946915e-01
5200,5185.897,8.45338195e-05,4.38383693e-01,4.38354631e-01,9.99818565e-01
5200,5185.897,1.42780837e-04,7.40446735e-01,7.40306318e-01,9.99378591e-01
5200,5185.897,2.17007814e-04,1.12538020e+00,1.12478060e+00,9.98062615e-01
5200,5185.897,3.07781908e-04,1.59612532e+00,1.59391218e+00,9.94705559e-01
5200,5185.897,4.15670213e-04,2.15562297e+00,2.14856864e+00,9.87293638e-01
5200,5185.897,5.27529039e-04,2.73571134e+00,2.71791887e+00,9.74817911e-01
5200,5185.897,6.43357942e-04,3.33638812e+00,3.29819292e+00,9.56288731e-01
5200,5185.897,7.63156462e-04,3.95765092e+00,3.88481006e+00,9.31214309e-01
5200,5185.897,8.86924123e-04,4.59949728e+00,4.47266147e+00,8.99659366e-01
5200,5185.897,1.01466043e-03,5.26192465e+00,5.05645191e+00,8.62201675e-01
5200,5185.897,1.14636489e-03,5.94493039e+00,5.63104072e+00,8.19816767e-01
5200,5185.897,1.28203696e-03,6.64851180e+00,6.19173475e+00,7.73728466e-01
5200,5185.897,1.56528179e-03,8.11739035e+00,7.25611192e+00,6.75697351e-01
5200,5185.897,1.86439042e-03,9.66853695e+00,8.22705859e+00,5.77778318e-01
5200,5185.897,2.17935810e-03,1.13019270e+01,9.09469787e+00,4.86951464e-01
5200,5185.897,2.51017983e-03,1.30175344e+01,9.85927463e+00,4.06976458e-01
5200,5185.897,2.85685036e-03,1.48153321e+01,1.05275813e+01,3.39010674e-01
5200,5185.897,3.40656050e-03,1.76660724e+01,1.13720235e+01,2.58269879e-01
5200,5185.897,3.99189833e-03,2.07015741e+01,1.20600510e+01,1.98745425e-01
5200,5185.897,4.61284290e-03,2.39217288e+01,1.26257055e+01,1.55268669e-01
5200,5185.897,5.49611872e-03,2.85023064e+01,1.32369928e+01,1.14885456e-01
5200,5185.897,6.44259968e-03,3.34106593e+01,1.37297586e+01,8.79819317e-02
5200,5185.897,7.45222564e-03,3.86464757e+01,1.41392317e+01,6.97730455e-02
5200,5185.897,8.80295758e-03,4.56512326e+01,1.45706280e+01,5.46960884e-02
5200,5185.897,1.02521189e-02,5.31664341e+01,1.49417276e+01,4.48311022e-02
5200,5185.897,1.21208359e-02,6.28574083e+01,1.53348993e+01,3.69479289e-02
5200,5185.897,1.41308162e-02,7.32809595e+01,1.56898556e+01,3.15244007e-02
5200,5185.897,1.66539498e-02,8.63656709e+01,1.60704616e+01,2.69464050e-02
5200,5185.897,1.93684754e-02,1.00442921e+02,1.64241357e+01,2.34856227e-02
5200,5185.897,2.27044683e-02,1.17743038e+02,1.68022219e+01,2.03843000e-02
5200,5185.897,2.67543815e-02,1.38745471e+02,1.71998088e+01,1.76171905e-02
5200,5185.897,3.11174242e-02,1.61371761e+02,1.75719759e+01,1.53814891e-02
5200,5185.897,3.63307894e-02,1.88407737e+02,1.79591549e+01,1.33543689e-02
5200,5185.897,4.25075102e-02,2.20439576e+02,1.83565158e+01,1.15419188e-02
5200,5185.897,4.97704807e-02,2.58104594e+02,1.87596964e+01,9.94496519e-03
5200,5185.897,5.82518842e-02,3.02088280e+02,1.91650097e+01,8.55233871e-03
5200,5185.897,6.02991210e-02,3.12705040e+02,1.92543004e+01,8.27145019e-03
5200,5185.897,6.23799516e-02,3.23496013e+02,1.93420992e+01,8.00412218e-03
5200,5185.897,6.44943016e-02,3.34460815e+02,1.94284513e+01,7.74929117e-03
5200,5185.897,6.66420954e-02,3.45599052e+02,1.95133957e+01,7.50592928e-03
5200,5185.897,6.80925000e-02,3.53120701e+02,1.95692613e+01,7.34976423e-03
5200,5185.897,6.88232562e-02,3.56910328e+02,1.95969691e+01,7.27349081e-03
5200,5185.897,7.10377062e-02,3.68394238e+02,1.96792090e+01,7.05126932e-03
5200,5185.897,7.32853660e-02,3.80050370e+02,1.97601457e+01,6.83816803e-03
5200,5185.897,7.55661553e-02,3.91878309e+02,1.98398089e+01,6.63419986e-03
5200,5185.897,7.78799927e-02,4.03877632e+02,1.99182340e+01,6.43933194e-03
5200,5185.897,8.02267954e-02,4.16047909e+02,1.99954579e+01,6.25310171e-03
5200,5185.897,8.26064794e-02,4.28388706e+02,2.00715162e+01,6.07489160e-03
5200,5185.897,8.50189598e-02,4.40899581e+02,2.01464396e+01,5.90399177e-03
5200,5185.897,8.74641502e-02,4.53580087e+02,2.02202566e+01,5.74011094e-03
5200,5185.897,8.99419633e-02,4.66429771e+02,2.02929987e+01,5.58350182e-03
5200,5185.897,9.24523105e-02,4.79448173e+02,2.03647034e+01,5.43370215e-03
5200,5185.897,9.41439056e-02,4.88220611e+02,2.04119436e+01,5.33698617e-03
5200,5185.897,9.49951021e-02,4.92634829e+02,2.04353972e+01,5.28957061e-03
5200,5185.897,9.75702470e-02,5.05989266e+02,2.05051031e+01,5.15099147e-03
5200,5185.897,1.00177653e-01,5.19511007e+02,2.05738451e+01,5.01775760e-03
5200,5185.897,1.02817228e-01,5.33199569e+02,2.06416456e+01,4.88946503e-03
5200,5185.897,1.05488876e-01,5.47054462e+02,2.07085278e+01,4.76634706e-03
5200,5185.897,1.08192503e-01,5.61075191e+02,2.07745204e+01,4.64822698e-03
5200,5185.897,1.10012639e-01,5.70514228e+02,2.08180330e+01,4.57186132e-03
5200,5185.897,1.10928011e-01,5.75261256e+02,2.08396464e+01,4.53433771e-03
5200,5185.897,1.13695303e-01,5.89612148e+02,2.09039223e+01,4.42422721e-03
5200,5185.897,1.16494280e-01,6.04127354e+02,2.09673651e+01,4.31831654e-03
5200,5185.897,1.19324842e-01,6.18806357e+02,2.10300011e+01,4.21659863e-03
5200,5185.897,1.22186887e-01,6.33648630e+02,2.10918524e+01,4.11865886e-03
5200,5185.897,1.25080314e-01,6.48653644e+02,2.11529360e+01,4.02377858e-03
5200,5185.897,1.28005019e-01,6.63820862e+02,2.12132667e+01,3.93245555e-03
5200,5185.897,1.28986853e-01,6.68912553e+02,2.12332140e+01,3.90286065e-03
5200,5185.897,1.30960897e-01,6.79149742e+02,2.12728693e+01,3.84476064e-03
5200,5185.897,1.33947843e-01,6.94639735e+02,2.13317667e+01,3.76051802e-03
5200,5185.897,1.36965749e-01,7.10290289e+02,2.13899836e+01,3.67967072e-03
5200,5185.897,1.40014509e-01,7.26100843e+02,2.14475330e+01,3.60065062e-03
5200,5185.897,1.43094013e-01,7.42070832e+02,2.15044185e+01,3.52391739e-03
5200,5185.897,1.46204150e-01,7.58199686e+02,2.15606522e+01,3.44972365e-03
5200,5185.897,1.49344811e-01,7.74486827e+02,2.16162510e+01,3.37808891e-03
5200,5185.897,1.50398461e-01,7.79950949e+02,2.16346454e+01,3.35475002e-03
5200,5185.897,1.52515881e-01,7.90931674e+02,2.16712303e+01,3.30894869e-03
5200,5185.897,1.76688670e-01,9.16289271e+02,2.20571204e+01,2.87107621e-03
5200,5185.897,2.06076067e-01,1.06868929e+03,2.24635700e+01,2.48406745e-03
5200,5185.897,2.41325795e-01,1.25149075e+03,2.28856282e+01,2.15153949e-03
5200,5185.897,2.83102676e-01,1.46814136e+03,2.33192924e+01,1.86612876e-03
5200,5185.897,3.30577034e-01,1.71433850e+03,2.37494809e+01,1.63606824e-03
5200,5185.897,3.87237768e-01,2.00817524e+03,2.41974016e+01,1.42672783e-03
5200,5185.897,4.53900621e-01,2.35388194e+03,2.46588405e+01,1.25172481e-03
5200,5185.897,5.31244863e-01,2.75498122e+03,2.51264498e+01,1.08720422e-03
5200,5185.897,6.21574081e-01,3.22341925e+03,2.55975139e+01,9.23712878e-04
5200,5185.897,7.29076770e-01,3.78091714e+03,2.60526716e+01,7.04225234e-04
5200,5185.897,8.53874485e-01,4.42810525e+03,2.64169219e+01,4.10462124e-04
5200,5185.897,9.99002385e-01,5.18072362e+03,2.65752839e+01,2.90579664e-06
